Country Name,Country Code,year,gdp_per_capita,school_enrollment,electricity_access,log_gdp
Aruba,ABW,2018,30082.1584226798,137.829788208008,100,10.311687531562564
Aruba,ABW,2019,30654.4851235397,139.320587158203,100,10.330534264216222
Aruba,ABW,2020,22664.3709949437,135.124725341797,100,10.02854941072617
Aruba,ABW,2021,26827.3447869986,123.625907897949,100,10.197176974191352
Aruba,ABW,2022,31000.5713798732,131.802169799805,99.9,10.341760914906237
Aruba,ABW,2024,38590.5650288641,124.379366731084,100,10.560763096271172
Africa Eastern and Southern,AFE,2015,1498.71597073834,42.2618598937988,33.9222756622758,7.312364000988607
Africa Eastern and Southern,AFE,2016,1335.7431649955,42.6814994812012,38.8595976583714,7.197243093845938
Africa Eastern and Southern,AFE,2017,1529.92307995549,43.2540893554688,40.2237441730368,7.332972738583779
Africa Eastern and Southern,AFE,2018,1553.61794421394,43.5594100952148,43.0350733507835,7.3483416475565715
Africa Eastern and Southern,AFE,2019,1508.0315245887,44.1287307739258,44.3908605333639,7.318560453249066
Africa Eastern and Southern,AFE,2020,1351.50316694933,44.682559967041,46.2823709455637,7.2089727089985
Africa Eastern and Southern,AFE,2021,1560.89462580275,45.1505317687988,48.1272110400485,7.353014413946556
Africa Eastern and Southern,AFE,2022,1675.90252377611,45.2816200256348,48.7420429375177,7.424107119312548
Africa Eastern and Southern,AFE,2023,1571.13270407815,45.1553916931152,50.667515794485404,7.359552105775441
Africa Eastern and Southern,AFE,2024,1628.22728900442,45.6060791015625,52.5981705163589,7.395247149228157
Afghanistan,AFG,2015,565.569730408751,53.1501083374023,71.5,6.337833595485375
Afghanistan,AFG,2016,522.082215583898,53.4350395202637,97.7,6.257825076599218
Afghanistan,AFG,2017,525.469770891619,55.5364303588867,97.7,6.264292664193559
Afghanistan,AFG,2018,491.337221382603,57.3578491210938,93.4,6.197130697311605
Afghanistan,AFG,2023,413.757894705303,59.6136016845703,85.3,6.0252810073679735
Africa Western and Central,AFW,2015,1863.40151301991,43.7089309692383,46.865482628436,7.530158866983318
Africa Western and Central,AFW,2016,1632.42497788744,42.3061790466309,51.0516355535304,7.397821904742349
Africa Western and Central,AFW,2017,1577.20349674013,42.4331703186035,48.902227563243,7.363408619056639
Africa Western and Central,AFW,2018,1723.11446346681,42.7145614624023,51.3381985112771,7.451888666977681
Africa Western and Central,AFW,2019,2219.41255534667,43.9062690734863,51.2893740480215,7.7049978251409685
Africa Western and Central,AFW,2020,2034.43793971923,44.7343406677246,51.8518662109613,7.617974863029196
Africa Western and Central,AFW,2021,2116.9382941844,45.5674285888672,54.3660120999023,7.657726122946433
Africa Western and Central,AFW,2022,2143.07209365676,45.6372985839844,55.5855936928306,7.669995636371439
Africa Western and Central,AFW,2023,1846.24681069313,46.4422416687012,57.0647374680747,7.520910106392848
Africa Western and Central,AFW,2024,1416.22841156776,46.3004913330078,58.8221662248088,7.255752568849343
Angola,AGO,2016,2082.37343594705,54.4167987304753,41.8,7.641263597138681
Angola,AGO,2021,2266.96834861584,53.1351542727131,48.2,7.726198688617314
Angola,AGO,2023,2885.51349130806,51.4839046246776,51.1,7.967458149693049
Albania,ALB,2015,4199.53912925398,102.440729325166,100,8.342730067120554
Albania,ALB,2016,4457.63412207495,99.170755047578,99.9,8.402373438364819
Albania,ALB,2017,5006.36012951959,97.5743697537481,99.9,8.518464408980618
Albania,ALB,2018,5897.65452588774,98.822387862215,100,8.68231001286951
Albania,ALB,2019,6069.43903131027,99.01515356567,100,8.711021463194774
Albania,ALB,2020,6027.91350716348,95.9294474518951,100,8.70415621113042
Albania,ALB,2021,7242.45513146613,97.665033031442,100,8.887715534452225
Albania,ALB,2022,7756.96188744253,97.3224714726407,100,8.95634602716728
Albania,ALB,2023,9740.7023414631,96.1368771236947,100,9.184068503016638
Albania,ALB,2024,11374.0085781236,108.355392456055,100,9.33908608205352
Andorra,AND,2015,38654.9347217207,91.2962188720703,100,10.562429723012254
Andorra,AND,2016,40129.8192026671,94.6524124145508,100,10.599874957959686
Andorra,AND,2017,40672.9943362327,95.1090393066406,100,10.613319621375055
Andorra,AND,2018,42819.774579353,95.9804306030273,100,10.66475529775226
Andorra,AND,2019,41257.8045861543,96.2081298828125,100,10.627595575954958
Andorra,AND,2020,37361.090067211,97.1500396728516,100,10.528385069305003
Andorra,AND,2021,42425.6996761083,98.0404205322266,100,10.655509582037343
Andorra,AND,2022,42414.0590111349,98.5098724365234,100,10.655235166710694
Andorra,AND,2023,46812.448450114,99.5086517333984,100,10.753904439059802
Andorra,AND,2024,49357.437070178,101.923820495605,100,10.806843734017638
Arab World,ARB,2015,6299.87807685552,66.154541015625,88.6616431398725,8.74828555931228
Arab World,ARB,2016,6051.26103619544,66.4599990844727,89.1861710572825,8.708021965039961
Arab World,ARB,2017,6105.92161804571,66.9350433349609,90.3510669396465,8.71701433633816
Arab World,ARB,2018,6708.53121256784,67.0554885864258,88.6898406472267,8.811135310709252
Arab World,ARB,2019,6683.67016877686,67.3800735473633,89.9289963083413,8.807422542114836
Arab World,ARB,2020,5749.75163256627,67.2821731567383,90.2417769685806,8.656911938522192
Arab World,ARB,2021,6708.20761928893,68.0012435913086,90.4340947732985,8.811087073461284
Arab World,ARB,2022,7960.81158770821,69.4561386108398,90.6545179070033,8.98228623189584
Arab World,ARB,2023,7504.35637695627,68.6525421142578,91.6454299444509,8.92323898115702
Arab World,ARB,2024,7602.41115691284,68.8945465087891,92.1659179921314,8.936220733447438
United Arab Emirates,ARE,2018,47135.3478795605,102.184448242188,100,10.760778484296502
United Arab Emirates,ARE,2019,45938.6084572227,101.747344264722,100,10.735061185345115
United Arab Emirates,ARE,2020,37991.738387966,99.1635400791877,100,10.54512400422836
United Arab Emirates,ARE,2021,44118.4936214315,103.210663324826,100,10.694634330024623
United Arab Emirates,ARE,2022,50759.7590190204,102.380981445312,100,10.834859174358828
United Arab Emirates,ARE,2023,49850.6945082084,101.944972436447,100,10.816787707252983
United Arab Emirates,ARE,2024,50273.5126243239,102.129724902444,100,10.825233629406076
Argentina,ARG,2015,13679.6264980954,107.504867553711,99.7,9.52366288803301
Argentina,ARG,2016,12699.9623137756,109.598327636719,99.9,9.449354305023036
Argentina,ARG,2017,14532.5009308511,110.377799987793,100,9.584142863628564
Argentina,ARG,2018,11752.7998922979,109.671241760254,100,9.371846779892264
Argentina,ARG,2019,9955.97478680428,110.460151672363,100,9.205928131021869
Argentina,ARG,2020,8535.59938004389,112.376731872559,100,9.052000858895653
Argentina,ARG,2021,10738.0179223384,115.735778808594,100,9.281545800038526
Argentina,ARG,2022,13962.1894087223,114.14811706543,100,9.544108198454824
Argentina,ARG,2023,14261.8465667948,105.574584297051,100,9.565343178347431
Armenia,ARM,2015,3512.39350276709,86.442138671875,100,8.164052993685441
Armenia,ARM,2018,4196.00562301769,83.0249410833595,99.9,8.341888309605302
Armenia,ARM,2019,4597.22887399548,86.8260633029699,100,8.433208982253502
Armenia,ARM,2020,4268.68093304583,88.5080298201293,100,8.359060143521052
Armenia,ARM,2021,4685.17997128509,91.4853735120921,100,8.452159608296522
Armenia,ARM,2022,6571.97445545099,91.7106609922965,100,8.790569592273615
Armenia,ARM,2023,8159.08720967996,89.4111027634947,100,9.006887580142353
Armenia,ARM,2024,8556.21406956719,90.9458714101262,100,9.054413089707818
Antigua and Barbuda,ATG,2015,16077.6340769406,117.55770111084,100,9.685184397388992
Antigua and Barbuda,ATG,2017,16965.7288273816,117.209930419922,100,9.738950636942858
Antigua and Barbuda,ATG,2018,18273.4270684912,121.685249328613,100,9.813203210790133
Antigua and Barbuda,ATG,2022,20003.3909394099,107.799908772997,100,9.90365708513516
Antigua and Barbuda,ATG,2023,22012.2625947994,108.880778588808,100,9.999354967728673
Australia,AUS,2015,56970.3613028094,159.110763549805,100,10.950286434437997
Australia,AUS,2016,50084.4440606385,155.594390869141,100,10.82146574106689
Australia,AUS,2017,54117.547718609,153.576126098633,100,10.898913769332923
Australia,AUS,2018,57410.1737346009,136.105545043945,100,10.957976809365096
Australia,AUS,2019,55194.7585097428,144.056564331055,100,10.918623273223075
Australia,AUS,2020,51983.4523666382,137.490737915039,100,10.858680723201157
Australia,AUS,2021,60758.9044397144,135.526565551758,100,11.01466892560104
Australia,AUS,2022,65169.5191118657,133.277267456055,100,11.084747140319083
Australia,AUS,2023,65058.3773146674,134.099243164062,100,11.083040258349369
Australia,AUS,2024,64609.9865116088,131.931564331055,100,11.07612426778588
Austria,AUT,2015,43915.228020857,101.411582946777,100,10.690016418660566
Austria,AUT,2016,45061.4993920192,100.227989196777,100,10.715783488887995
Austria,AUT,2017,47163.7425775142,100.337898254395,100,10.76138071065254
Austria,AUT,2018,51194.0749841299,100.692596435547,100,10.843379081364967
Austria,AUT,2019,49885.9947355204,101.543632507324,100,10.817495575722525
Austria,AUT,2020,48716.4098900349,101.690559387207,100,10.793771211040454
Austria,AUT,2021,53648.6437976214,102.307662963867,100,10.890211469037029
Austria,AUT,2022,52336.7725223758,101.458000183105,100,10.86545451049114
Austria,AUT,2023,56579.504175468,100.504371643066,100,10.943402081569864
Austria,AUT,2024,58268.8787651601,100.622657775879,100,10.972823417891926
Azerbaijan,AZE,2015,5500.50364628486,84.8098586425184,100,8.61259493907989
Azerbaijan,AZE,2016,3880.6852276838,86.5856935803605,100,8.263767022097623
Azerbaijan,AZE,2017,4147.1981423222,89.2625164667822,100,8.330188238782375
Azerbaijan,AZE,2018,4739.7943123408,108.488781124,100,8.463749019726647
Azerbaijan,AZE,2019,4805.75371765917,107.863960509557,100,8.477569170218306
Azerbaijan,AZE,2020,4229.91064904503,91.365513501165,100,8.349936148660023
Azerbaijan,AZE,2021,5408.04535175023,91.4106367606057,100,8.595643003736127
Azerbaijan,AZE,2022,7770.594223351,90.9530364179442,100,8.958101917059256
Azerbaijan,AZE,2023,7133.02838048328,92.7402972401367,100,8.872491161028469
Azerbaijan,AZE,2024,7294.64276088105,91.1228035886648,100,8.894895489350812
Burundi,BDI,2015,254.402585226788,43.9351929825496,7.9,5.538917993469318
Burundi,BDI,2016,232.937812100153,47.4715342848197,8.5,5.4507715170836155
Burundi,BDI,2017,246.060725714184,48.2243487332289,9.3,5.505578357965981
Burundi,BDI,2018,245.661678332009,46.330394174756,9.5,5.503955298017957
Burundi,BDI,2019,234.31061590725,41.8352417514484,9.8,5.456647653523818
Burundi,BDI,2020,252.702452750006,44.9151717353101,9.1,5.532212720520396
Belgium,BEL,2015,40893.804537772,164.079818725586,100,10.618733852262814
Belgium,BEL,2016,41854.5498296444,160.689270019531,100,10.641955787562523
Belgium,BEL,2017,44035.3239358548,158.670288085938,100,10.692747407539397
Belgium,BEL,2018,47487.2100392561,156.509765625,100,10.76821569143367
Belgium,BEL,2019,46716.6227467964,156.635375976562,100,10.75185532779159
Belgium,BEL,2020,45906.2875805246,151.727508544922,100,10.734357370992296
Belgium,BEL,2021,51658.238294958,143.163513183594,100,10.852404964151159
Belgium,BEL,2022,50639.0264882739,142.918075561523,100,10.832477832468063
Belgium,BEL,2023,55244.68145811,142.960266113281,100,10.91952735154477
Benin,BEN,2015,1002.41886879614,55.1333084106445,29.6,6.91017122702415
Benin,BEN,2016,1010.5338961993,55.2945899963379,37,6.918234080268521
Benin,BEN,2020,1200.19426557789,43.9858703613281,41,7.090238710655221
Benin,BEN,2021,1318.65158075198,44.2737998962402,42,7.184364963729967
Benin,BEN,2022,1266.42711031904,43.5606498718262,56.5,7.143954915727939
Burkina Faso,BFA,2015,630.124750752312,32.8931343608996,16.2,6.445917816849948
Burkina Faso,BFA,2016,663.742364842886,34.9336280775566,16.6,6.497894069428423
Burkina Faso,BFA,2017,709.091535894695,37.1627510802261,17,6.563984623832979
Burkina Faso,BFA,2018,777.465618514048,39.6278467471779,14.4,6.6560394225149215
Burkina Faso,BFA,2019,764.853077774946,40.0770460332282,17.6,6.6396837601854255
Burkina Faso,BFA,2020,825.237038782475,39.2540084845692,18.5,6.715670664802603
Burkina Faso,BFA,2021,895.535288442991,38.1480312365517,19,6.797421627137521
Burkina Faso,BFA,2022,827.330843486661,33.6212866168282,19.5,6.718204667607621
Burkina Faso,BFA,2023,873.198061670247,30.8551216331757,21.7,6.772162404872875
Burkina Faso,BFA,2024,982.493100418428,29.9905774531085,34,6.890093321243876
Bangladesh,BGD,2015,1224.38647668165,59.4217414855957,74,7.110195162156987
Bangladesh,BGD,2016,1649.28380858601,64.1664546117285,75.9,7.408096417262894
Bangladesh,BGD,2017,1811.08221668646,62.3408639225315,88,7.501679855354567
Bangladesh,BGD,2018,1965.24372731467,65.2714888764112,86.9,7.583371550868579
Bangladesh,BGD,2019,2129.79896954606,65.1185413488915,92.2,7.663782873754545
Bangladesh,BGD,2020,2248.85078828233,66.4329548486639,96.2,7.718174603952346
Bangladesh,BGD,2021,2482.84917843357,66.8282318620991,99,7.817162041993389
Bangladesh,BGD,2022,2716.48592780431,67.0384586440383,99.4,7.9070943857110185
Bangladesh,BGD,2023,2551.01773827307,65.9856598598849,99.5,7.844247671576308
Bangladesh,BGD,2024,2593.41611680774,64.2997191043961,99.5,7.860731249643071
Bulgaria,BGR,2015,7269.02586513711,103.889343261719,96.6,8.891377567758276
Bulgaria,BGR,2016,7822.89886431732,103.003921508789,97.3,8.964810463609352
Bulgaria,BGR,2017,8697.13373333715,103.46102142334,98.1,9.070748794421887
Bulgaria,BGR,2018,9849.88769989118,104.043922424316,98.7,9.195215333074866
Bulgaria,BGR,2019,10354.2500414088,102.656936645508,99.2,9.245152346427433
Bulgaria,BGR,2020,10760.7616180234,101.354942321777,99.7,9.283661613555006
Bulgaria,BGR,2021,12966.8085197381,98.7087631225586,99.8,9.470148180704149
Bulgaria,BGR,2022,13999.9113358453,96.6720733642578,100,9.546806275423434
Bulgaria,BGR,2023,15854.0192893772,95.6239624023438,100,9.671178330084718
Bulgaria,BGR,2024,17596.9167621233,94.7816314697266,100,9.775478981709472
Bahrain,BHR,2015,23734.0551143019,100.303914816394,100,10.07466622038898
Bahrain,BHR,2016,23800.001440631,100.583649344321,100,10.077440920190279
Bahrain,BHR,2017,24784.7693514607,100.923412884105,100,10.117984604438433
Bahrain,BHR,2018,26324.4066549559,100.701887411111,100,10.178251797525217
Bahrain,BHR,2019,27259.7438599327,102.128281941881,100,10.213166309019025
Bahrain,BHR,2022,30470.5219276023,103.393222951005,100,10.324515001061876
Bahrain,BHR,2023,29290.1284215098,104.392938701638,100,10.285005824295261
Bahrain,BHR,2024,29717.1424605273,98.8139181413527,100,10.299479345505455
"Bahamas, The",BHS,2015,30719.405417469,76.0440338812974,100,10.332649832174202
"Bahamas, The",BHS,2016,30616.5363157284,85.0686327399149,100,10.329295544450423
"Bahamas, The",BHS,2017,31875.4881749619,92.6182585115999,100,10.369592597636371
"Bahamas, The",BHS,2018,32642.3353203452,80.8808929269834,100,10.393365354323315
"Bahamas, The",BHS,2019,33640.3369861278,78.566734376867,100,10.423481131460248
"Bahamas, The",BHS,2021,30367.8605757708,72.6381880061026,100,10.32114011024299
"Bahamas, The",BHS,2023,38231.774484278,87.1455240465819,100,10.551422241628911
"Bahamas, The",BHS,2024,39455.4466548546,79.4858750299258,100,10.5829273815058
Bosnia and Herzegovina,BIH,2015,4662.25869219448,85.716178894043,99.7,8.44725530758742
Bosnia and Herzegovina,BIH,2016,4928.5665903114,83.1699523925781,100,8.502803472287708
Bosnia and Herzegovina,BIH,2017,5345.01978766473,83.668083190918,100,8.58392052554111
Bosnia and Herzegovina,BIH,2018,6047.84707207392,85.6409912109375,100,8.707457631837617
Bosnia and Herzegovina,BIH,2019,6122.37541352353,85.5401306152344,100,8.719705439664365
Bosnia and Herzegovina,BIH,2020,6130.31187968266,85.5591125488281,100,8.721000905235165
Bosnia and Herzegovina,BIH,2021,7295.34378682258,85.6761474609375,100,8.89499158621009
Bosnia and Herzegovina,BIH,2022,7655.59421024383,87.0373992919922,100,8.943191928886375
Bosnia and Herzegovina,BIH,2023,8663.02326458629,87.8663787841797,100,9.066819047398054
Belarus,BLR,2015,5967.05595058777,102.895731001158,97.4,8.694008944147766
Belarus,BLR,2016,5039.77560949445,102.969005936733,98,8.525116838148579
Belarus,BLR,2017,5785.54491935194,102.480850468241,98.7,8.66311783041242
Belarus,BLR,2018,6360.037502312,101.596010989492,99.3,8.75778955290672
Belarus,BLR,2019,6837.77339645635,100.438744155791,100,8.830217430787368
Belarus,BLR,2020,6542.85579976768,100.575710351095,100,8.78612901577126
Belarus,BLR,2021,7489.71894713888,100.42063921059,100,8.921286552060753
Belarus,BLR,2022,7994.64806074889,99.0602032881737,100,8.986527604380312
Belarus,BLR,2023,7896.75388295584,97.4265999006565,100,8.974207053120542
Belarus,BLR,2024,8605.60954569694,94.7902702871216,100,9.060169542359644
Belize,BLZ,2015,6154.62264230369,81.2936199454549,91.8,8.724958727608884
Belize,BLZ,2016,6140.86713919469,87.7313726328389,93.3,8.72272123905134
Belize,BLZ,2017,6071.85451846453,86.323893201399,94.2,8.711419359378771
Belize,BLZ,2018,6011.99036888587,86.2833561409511,91.7,8.701511148889857
Belize,BLZ,2019,6171.61449761423,87.4526596660355,92.7,8.727715751651314
Belize,BLZ,2020,5238.54078175696,86.1886596150512,96.8,8.563798261769294
Belize,BLZ,2021,6142.98930557031,88.8215546932903,97.7,8.723066760249228
Belize,BLZ,2022,7068.21728043145,87.4381668552162,98.6,8.863363574397674
Belize,BLZ,2023,7424.75821321022,83.619553808705,99.6,8.912575399263273
Belize,BLZ,2024,7681.24400583113,86.4571583269413,99.6,8.946536792950315
Bermuda,BMU,2015,104855.366822135,86.8070526123047,100,11.560337220734333
Bermuda,BMU,2023,132961.760796315,74.3967514038086,100,11.797816853054497
Bolivia,BOL,2015,2996.01289811344,90.6139031958796,91.5,8.005037649739139
Bolivia,BOL,2016,3035.87347732132,90.6152852803158,91.8,8.018254463510543
Bolivia,BOL,2017,4048.40119739839,89.4000212849504,91.8,8.306077316085474
Bolivia,BOL,2018,4206.8552936661,88.7218999579042,92.8,8.344470686437525
Bolivia,BOL,2019,4203.15492855788,88.8235046622532,95.1,8.34359069574804
Bolivia,BOL,2020,3580.96761778303,88.8672369779995,97.2,8.183388327171462
Bolivia,BOL,2021,4010.76053686204,90.4144137410078,98.6,8.296736162382766
Bolivia,BOL,2022,4219.46113742445,90.3729338176816,99.9,8.34746270632322
Bolivia,BOL,2023,4274.70820547613,91.3676827044767,99.8,8.360471123012337
Bolivia,BOL,2024,4421.16609889999,90.5272216796875,96.6,8.394158763557042
Brazil,BRA,2015,8936.19661712113,101.086227416992,99.7,9.097865343318206
Brazil,BRA,2016,8836.28652735657,102.692901611328,99.7,9.086621991284124
Brazil,BRA,2017,10080.5092819305,102.989486694336,99.8,9.218359064350107
Brazil,BRA,2018,9300.66164923219,104.818481445312,99.7,9.137840821689386
Brazil,BRA,2019,9029.83326681073,103.667556762695,99.8,9.108289181878517
Brazil,BRA,2020,7074.19378337644,103.882659912109,99.7,8.864208763138661
Brazil,BRA,2021,7972.5366498646,106.298461914062,99.5,8.98375799590903
Brazil,BRA,2022,9281.33334441234,105.702369689941,100,9.135760494814134
Brazil,BRA,2024,10310.5486973693,104.144660949707,99.8,9.240922795514305
Barbados,BRB,2015,20429.4747123553,108.196029663086,100,9.924733975897922
Barbados,BRB,2016,20311.4094163764,108.310737609863,100,9.918938047360019
Barbados,BRB,2017,20870.7596432179,109.804237365723,100,9.946104398221374
Barbados,BRB,2018,21378.2201267496,108.216751098633,100,9.97012793166317
Barbados,BRB,2019,21929.435611489,106.086326599121,100,9.995585105170546
Barbados,BRB,2020,19180.9915228365,104.318992614746,100,9.861675042765306
Barbados,BRB,2021,21084.4013935998,103.569473266602,100,9.956288775623504
Barbados,BRB,2022,24393.2193483944,104.222328186035,100,10.102060477103562
Barbados,BRB,2023,25583.8722302505,102.513702392578,100,10.149717440934095
Barbados,BRB,2024,26897.2002039176,104.371182990274,100,10.19977747853431
Brunei Darussalam,BRN,2015,30625.1287744656,92.8161697387695,100,10.329576152718698
Brunei Darussalam,BRN,2016,26663.2972950602,90.0986175537109,100,10.191043265569652
Brunei Darussalam,BRN,2017,28024.3824580252,88.6814727783203,100,10.24083021230151
Brunei Darussalam,BRN,2018,30988.1190267227,89.1818084716797,100,10.341359152802978
Brunei Darussalam,BRN,2019,30426.5730656528,88.2910308837891,100,10.32307161958089
Brunei Darussalam,BRN,2020,26834.3592233943,86.6857810342997,100,10.197438405935461
Brunei Darussalam,BRN,2023,32890.5491812019,91.8381544399811,100,10.40094063655668
Bhutan,BTN,2015,2954.04081911097,85.2313079833984,95.4,7.990929281246013
Bhutan,BTN,2016,3152.30905106786,85.6766128540039,99.3,8.055890495367917
Bhutan,BTN,2017,3435.28804735662,86.5600433349609,97.7,8.141856057721942
Bhutan,BTN,2018,3400.20417245342,87.5722870683987,100,8.131590759522874
Bhutan,BTN,2019,3576.87987100503,90.6185575459377,100,8.182246154967096
Bhutan,BTN,2020,3191.66906999331,89.7711428873908,100,8.068299278380968
Bhutan,BTN,2021,3570.61257980872,92.5248380307052,100,8.180492451036471
Bhutan,BTN,2022,3711.32767981591,89.9829129407455,100,8.2191449567625
Bhutan,BTN,2023,3831.32535564326,86.8564415582911,100,8.250966068174492
Bhutan,BTN,2024,4228.05102403654,86.1810001963554,100,8.349496415043264
Botswana,BWA,2021,7807.88794570471,70.6292572021484,73.7,8.962889776773851
Central African Republic,CAF,2016,387.176203444318,13.9465503692627,13.4,5.958879895467099
Central African Republic,CAF,2017,432.324025684263,15.8074398040772,14.1,6.0691753665444095
Canada,CAN,2015,43594.2379080706,111.737281799316,100,10.682680262531703
Canada,CAN,2016,42314.1033623905,111.607330322266,100,10.652875722287137
Canada,CAN,2017,45129.7335281051,111.974517822266,100,10.71729658826351
Canada,CAN,2018,46539.2177903178,111.833679199219,100,10.748050629459298
Canada,CAN,2019,46352.9695208927,110.980072021484,100,10.744040636274953
Canada,CAN,2020,43537.8981198851,109.628059387207,100,10.6813870589307
Canada,CAN,2021,52886.6407813788,108.337341308594,100,10.875906048739488
Canada,CAN,2022,56496.9275340663,107.467987060547,100,10.94194153572786
Canada,CAN,2023,54847.5370112652,104.320877075195,100,10.912312560616128
Central Europe and the Baltics,CEB,2015,12596.9151136003,102.259826660156,99.5384709863299,9.441207230709315
Central Europe and the Baltics,CEB,2016,12874.7280619541,101.328056335449,99.6459138297945,9.463021603907254
Central Europe and the Baltics,CEB,2017,14339.8488594791,101.303939819336,99.8736866830469,9.570797574312788
Central Europe and the Baltics,CEB,2018,16227.2845341706,101.131561279297,99.8763758983526,9.694449334999144
Central Europe and the Baltics,CEB,2019,16534.9661895205,100.450477600098,99.9480349626799,9.713232580631251
Central Europe and the Baltics,CEB,2020,16581.3833261524,102.24365234375,99.98058396497,9.716035858631855
Central Europe and the Baltics,CEB,2021,19224.3287744219,101.30696105957,99.9870121182289,9.863931879560008
Central Europe and the Baltics,CEB,2022,19526.2463443821,100.121192932129,100,9.879514805929638
Central Europe and the Baltics,CEB,2023,22693.9504470566,99.31640625,100,10.029853667822358
Central Europe and the Baltics,CEB,2024,24616.0957872816,99.31640625,100,10.11115580825534
Switzerland,CHE,2015,85265.06205193,103.913391113281,100,11.353520060500577
Switzerland,CHE,2016,83432.4111596314,104.09513092041,100,11.331792135869636
Switzerland,CHE,2017,83610.248611484,103.900062561035,100,11.333921382605585
Switzerland,CHE,2018,87002.3382293532,104.188026428223,100,11.373690273475024
Switzerland,CHE,2019,85872.9702303454,104.071113586426,100,11.360624392917453
Switzerland,CHE,2020,87529.7016394892,104.211616516113,100,11.37973346205495
Switzerland,CHE,2021,96582.8687080693,103.605186462402,100,11.478156661906986
Switzerland,CHE,2022,97809.095567203,103.392356872559,100,11.49077285340816
Switzerland,CHE,2023,104449.75451772,102.965591430664,100,11.556461416744707
Switzerland,CHE,2024,107702.065940312,101.4287109375,100,11.5871240453218
Chile,CHL,2015,13433.9202987032,100.921676635742,99.7,9.505538153004625
Chile,CHL,2016,13649.8520452803,101.488136291504,100,9.521483961380758
Chile,CHL,2017,14879.9086227187,102.294822692871,99.7,9.607767167421903
Chile,CHL,2018,15659.4808675628,103.173049926758,100,9.658831818775825
Chile,CHL,2019,14496.9345640362,104.405769348145,100,9.58169249668174
Chile,CHL,2020,13117.9930230086,103.691688537598,100,9.481740079989581
Chile,CHL,2021,16216.1840860289,106.673522949219,100,9.693765040190545
Chile,CHL,2022,15399.1044717559,106.068328857422,100,9.642064635526193
Chile,CHL,2023,17081.5180740049,105.83097076416,100,9.745752343604009
Chile,CHL,2024,16658.9652720351,105.608551025391,99,9.720703805270718
Cote d'Ivoire,CIV,2015,1814.71855088017,43.9865647318392,62.6,7.503685666289025
Cote d'Ivoire,CIV,2016,1862.59597081287,46.2425069943643,64.3,7.529726476879414
Cote d'Ivoire,CIV,2017,1964.29930338343,49.0863555848622,65.6,7.582890872101584
Cote d'Ivoire,CIV,2018,2130.86619381144,51.072614509286,67.1,7.664283839799413
Cote d'Ivoire,CIV,2019,2141.76836170115,53.791930617454,68.6,7.669387104030772
Cote d'Ivoire,CIV,2020,2179.72934832935,55.4380323721262,69.9,7.686955995933119
Cote d'Ivoire,CIV,2021,2455.98127641148,57.135967003236,71.1,7.806281665627012
Cote d'Ivoire,CIV,2022,2333.37128301259,54.0714108290486,70.4,7.755069403385334
Cote d'Ivoire,CIV,2023,2591.9659048119,63.9607557764462,72.4,7.860171903377896
Cote d'Ivoire,CIV,2024,2727.8935220697,65.3065056618336,72.9,7.911284986702227
Cameroon,CMR,2015,1415.00009710569,60.4960883608074,58.6,7.254884878703265
Cameroon,CMR,2016,1441.7201725688,61.4037045147156,59.8,7.273592243929721
Cameroon,CMR,2021,1672.32657340872,45.5255767078224,65.4,7.421971093596723
Cameroon,CMR,2022,1604.87726954895,45.6066724321371,71,7.380802565069575
Cameroon,CMR,2023,1720.47510154506,44.840795775403,72,7.450355753493796
"Congo, Dem. Rep.",COD,2015,495.826633014883,42.1804618835449,16.6,6.206226335413076
"Congo, Dem. Rep.",COD,2021,595.743074403567,55.3636283874512,20.8,6.389809490906777
"Congo, Dem. Rep.",COD,2023,660.21205238997,55.4860992431641,22.1,6.492561074917365
Colombia,COL,2015,6248.51490534512,97.6741180419922,98.2,8.740099099350715
Colombia,COL,2016,5959.84250367574,98.4156265258789,98.4,8.692799334152472
Colombia,COL,2017,6479.53231292429,99.2193298339844,98.5,8.77640361281022
Colombia,COL,2018,6816.96818309544,100.373336791992,98.5,8.827170104063562
Colombia,COL,2019,6472.54544924705,101.989349365234,99.4,8.77532473350093
Colombia,COL,2020,5339.68711357943,101.499450683594,99.7,8.582922337274953
Colombia,COL,2021,6222.62164397614,102.987998962402,100,8.735946583102677
Colombia,COL,2022,6680.44506854481,101.573776245117,100,8.806939891338876
Comoros,COM,2017,1423.9248027797,56.9502144763063,78.7,7.261172283540853
Comoros,COM,2018,1540.71132257526,61.7014685443494,81,7.339999486541877
Comoros,COM,2022,1533.87755393614,54.8057289123535,89.9,7.335554157317665
Cabo Verde,CPV,2015,3415.06266730931,96.6012286324786,86.4,8.13595112243954
Cabo Verde,CPV,2016,3608.96605234906,98.2528458088996,87.5,8.191176598211477
Cabo Verde,CPV,2017,3893.09571382506,99.462782259485,88.6,8.266959933443609
Cabo Verde,CPV,2018,4294.96510035729,94.8972015380859,90.2,8.36519870874094
Cabo Verde,CPV,2019,4380.78117331128,95.2902285572104,91.4,8.384982337539077
Cabo Verde,CPV,2020,3539.22661248299,98.3093023666237,93.7,8.171663511209541
Cabo Verde,CPV,2021,3971.44409203423,97.0059250429478,95.5,8.286885058681952
Cabo Verde,CPV,2022,4323.31362032709,96.4315940376876,97.1,8.371777428954365
Costa Rica,CRI,2015,11714.7106121672,115.72087097168,99.4,9.368600648303643
Costa Rica,CRI,2016,12091.0301560892,118.203712463379,99.5,9.400219147265025
Costa Rica,CRI,2017,12317.0902779911,121.514961242676,99.6,9.418743030458433
Costa Rica,CRI,2018,12620.0207321581,125.964347839355,99.7,9.443039778895606
Costa Rica,CRI,2019,12951.8588421841,132.849334716797,99.7,9.468994596763809
Costa Rica,CRI,2020,12475.6852076814,132.678680419922,99.9,9.431536845578764
Costa Rica,CRI,2021,12962.2716075659,138.903381347656,100,9.469798232908374
Costa Rica,CRI,2022,13971.7649991294,131.907592773438,100,9.544793786369972
Costa Rica,CRI,2023,17140.771430122,125.510070800781,100,9.749215198730674
Costa Rica,CRI,2024,18853.2828705886,121.810760498047,99.8,9.844442335303391
Caribbean small states,CSS,2015,14497.8798625347,86.7618789672852,96.2001948453372,9.581757701341092
Caribbean small states,CSS,2016,13377.8260731233,88.6953125,96.6656867832991,9.501353844631312
Caribbean small states,CSS,2017,13708.7525902396,87.5022735595703,97.0542900594117,9.525789783022306
Caribbean small states,CSS,2018,13896.5484095788,86.9079513549805,97.0878277080481,9.539395772425655
Caribbean small states,CSS,2019,13995.7626558947,87.9669418334961,97.3685903913769,9.54650989534827
Caribbean small states,CSS,2020,11961.4085449634,86.0121917724609,97.9333626877032,9.389440791888136
Caribbean small states,CSS,2021,13996.4475071755,85.8405685424805,98.1746990902549,9.546558826910083
Caribbean small states,CSS,2022,17449.5193422186,84.883918762207,98.3064221501297,9.767067382392673
Caribbean small states,CSS,2023,17609.6827071212,85.927131652832,99.168477538461,9.77620418356082
Caribbean small states,CSS,2024,19923.5745910977,85.9280090332031,98.4281812533873,9.899658962384102
Cuba,CUB,2015,7727.91997207998,96.0929099069438,99,8.952595020259022
Cuba,CUB,2016,8110.55874283616,97.8005641142909,99.2,9.000922040277104
Cuba,CUB,2017,8610.60829605429,98.8916381409707,99.4,9.06075024487442
Cuba,CUB,2018,8911.46205998726,99.5805926474392,99.6,9.095093599033225
Cuba,CUB,2019,9232.26115935183,100.467809909244,99.8,9.130459276839085
Cuba,CUB,2020,9605.27914559614,101.487990578922,99.9,9.17006813730988
Curacao,CUW,2020,16299.8134688605,129.470256951777,100,9.698908943101184
Curacao,CUW,2023,21217.8109173312,123.429739994157,100,9.962596245552005
Curacao,CUW,2024,22832.895498987,89.9053421020508,100,10.035957560171513
Cayman Islands,CYM,2018,83865.5531568184,89.0140845070423,100,11.336970237907716
Cayman Islands,CYM,2019,88254.2903677044,88.1225128173828,100,11.38797758967846
Cayman Islands,CYM,2020,82338.7977439023,84.0909118652344,100,11.318597694098793
Cayman Islands,CYM,2021,86449.6749037302,85.4616444648599,100,11.36731773059228
Cayman Islands,CYM,2022,92937.8838323153,85.6012268066406,100,11.43968663319872
Cayman Islands,CYM,2023,100065.233841107,86.0370923044127,100,11.513577590701084
Cayman Islands,CYM,2024,104292.900672109,84.7603098178773,100,11.554958572249507
Cyprus,CYP,2015,23088.4296875,98.9578094482422,100,10.047086891698926
Cyprus,CYP,2016,24280.044921875,98.830940246582,100,10.09741009533132
Cyprus,CYP,2017,26247.46484375,99.5133590698242,100,10.175324685974921
Cyprus,CYP,2018,29120.38671875,99.4265899658203,100,10.279193782399297
Cyprus,CYP,2019,29227.16796875,101.017471313477,100,10.282853965582078
Cyprus,CYP,2020,28130.330078125,101.935836791992,100,10.244603635440122
Cyprus,CYP,2021,32937.8359375,102.047653198242,100,10.402377304472694
Cyprus,CYP,2022,33231.05078125,103.827629089355,100,10.41123998231273
Cyprus,CYP,2023,36623.70703125,105.159156799316,100,10.508451042795182
Cyprus,CYP,2024,38674.3125,106.741279602051,100,10.56293089894196
Czechia,CZE,2015,17931.5987670768,104.810516357422,100,9.794319729778335
Czechia,CZE,2016,18753.9686718096,103.015083312988,100,9.839160671497723
Czechia,CZE,2017,20913.197632212,102.204696655273,100,9.948135704318434
Czechia,CZE,2018,23705.9329811299,101.514892578125,100,10.07348063255074
Czechia,CZE,2019,24062.7190013343,100.21556854248,100,10.088418992342875
Czechia,CZE,2020,23472.8915454417,99.3292617797852,100,10.063601483022085
Czechia,CZE,2021,27696.4619527544,102.089942932129,100,10.229059956680212
Czechia,CZE,2022,28282.2236715857,102.935562133789,100,10.249988747456268
Czechia,CZE,2023,31761.5944102491,97.6154174804688,100,10.366013115935042
Germany,DEU,2015,41929.7549110722,102.192413330078,100,10.643750994955075
Germany,DEU,2016,42948.9381932694,100.852310180664,100,10.667767205180603
Germany,DEU,2017,45553.9341495339,101.095642089844,100,10.726652268871367
Germany,DEU,2018,48916.1686612154,100.837303161621,100,10.797863268279754
Germany,DEU,2019,47656.199739747,101.152557373047,100,10.771768010581992
Germany,DEU,2020,47394.8734504469,101.307800292969,100,10.766269346780126
Germany,DEU,2021,52349.2459994422,101.203536987305,100,10.865692813127952
Germany,DEU,2022,50506.5179638543,100.81729888916,100,10.829857675525991
Germany,DEU,2023,54776.7668235491,100.603057861328,100,10.911021419964431
Germany,DEU,2024,56103.7323182554,100.243698120117,100,10.934957619034956
Dominica,DMA,2015,8282.59874702141,95.9454803466797,96.7,9.021912056472
Dominica,DMA,2019,9491.14995962374,105.625543006082,99.9,9.158115060197826
Dominica,DMA,2020,7827.74842680426,105.181579589844,100,8.965430190391503
Dominica,DMA,2021,8376.40414141113,105.535634244733,100,9.033174001316079
Dominica,DMA,2022,9323.66089490562,105.387588500977,100,9.140310630436536
Dominica,DMA,2023,9912.96212766668,102.585807800293,100,9.201598485554166
Denmark,DNK,2015,53094.0133607574,133.795471191406,100,10.879819458138824
Denmark,DNK,2016,54500.9260410217,131.441299438477,100,10.90597297208536
Denmark,DNK,2017,57521.5514992225,130.324432373047,100,10.959914965244344
Denmark,DNK,2018,61324.7665045565,129.849563598633,100,11.023939061611191
Denmark,DNK,2019,59404.2663247723,129.311126708984,100,10.992121326420907
Denmark,DNK,2020,60985.4885601514,129.995193481445,100,11.018391222398016
Denmark,DNK,2021,69340.7334922138,131.772018432617,100,11.146787797380554
Denmark,DNK,2022,67781.0940939514,130.326995849609,100,11.124038586871299
Denmark,DNK,2023,68043.5466971243,126.98078918457,100,11.127903171799169
Denmark,DNK,2024,71026.4832271897,125.628089904785,100,11.170808089674908
Dominican Republic,DOM,2015,6800.95309395474,79.9378896410207,98.6,8.824818042218277
Dominican Republic,DOM,2016,7160.44200982307,80.0944728713855,98.9,8.876326991264788
Dominican Republic,DOM,2017,7412.71571571512,79.9406801126231,100,8.910952144496719
Dominican Republic,DOM,2018,7882.98221584944,80.2159299988463,98.9,8.972461565044354
Dominican Republic,DOM,2019,8183.01623600375,81.8562360431581,99,9.009816094639277
Dominican Republic,DOM,2020,7135.22273255899,80.0444119218853,100,8.872798746320544
Dominican Republic,DOM,2021,8527.0754858205,75.7044807816311,98.1,9.05100173126772
Dominican Republic,DOM,2022,10104.2464008585,76.5283197247412,98.1,9.22071105019958
Dominican Republic,DOM,2023,10630.431743829,75.4805556926418,99.6,9.271476086111296
Dominican Republic,DOM,2024,10875.6618443092,76.3648403372637,99.5,9.294282713351858
Algeria,DZA,2022,4960.30334332888,104.550270080566,100,8.509222175778113
Algeria,DZA,2023,5370.477235078,101.264892578125,100,8.58867205414596
Algeria,DZA,2024,5752.99076651465,105.164131811213,100,8.65747513187585
East Asia & Pacific (excluding high income),EAP,2015,6589.81824245918,85.3801116943359,96.621825072807,8.793281046305752
East Asia & Pacific (excluding high income),EAP,2016,6683.23529656879,84.7789535522461,96.7165341917277,8.807357475116442
East Asia & Pacific (excluding high income),EAP,2017,7241.98321346974,85.0468063354492,97.4453072983769,8.887650372381687
East Asia & Pacific (excluding high income),EAP,2018,8046.00446277369,85.8236083984375,97.4123829747175,8.992930907167011
East Asia & Pacific (excluding high income),EAP,2019,8286.45749748666,87.5550308227539,97.6371958731303,9.022377834423148
East Asia & Pacific (excluding high income),EAP,2020,8391.23898302179,88.6450271606445,97.5651849682476,9.034943462339458
East Asia & Pacific (excluding high income),EAP,2021,9974.57917918464,89.4162979125977,97.9599209910295,9.207795053317733
East Asia & Pacific (excluding high income),EAP,2022,10107.0569545516,90.1883010864258,98.029656910797,9.220989167217745
East Asia & Pacific (excluding high income),EAP,2023,10126.4304121407,90.9574508666992,98.2376383007189,9.222904157269484
East Asia & Pacific (excluding high income),EAP,2024,10391.1526101394,91.0118637084961,98.409299927655,9.24871001250636
Early-demographic dividend,EAR,2015,3178.86716124226,72.0406494140625,86.8271544642577,8.064280173703114
Early-demographic dividend,EAR,2016,3227.64814256759,73.1884231567383,88.3494481253503,8.079509021765821
Early-demographic dividend,EAR,2017,3457.91719451195,72.8589096069336,90.5086728796454,8.14842171989289
Early-demographic dividend,EAR,2018,3460.86264008666,73.9441833496094,91.9927109222765,8.149273154921337
Early-demographic dividend,EAR,2019,3481.75530893525,74.3150634765625,92.7895334479975,8.155291844721368
Early-demographic dividend,EAR,2020,3185.49787368673,75.3833694458008,93.4552643956364,8.066363874058824
Early-demographic dividend,EAR,2021,3697.4103832017,76.6091537475586,95.2423338887017,8.215387957158493
Early-demographic dividend,EAR,2022,4017.48956260692,77.2122268676758,95.1445282423272,8.298412499626195
Early-demographic dividend,EAR,2023,4212.16924807645,76.8434066772461,95.7044381043822,8.34573305480091
Early-demographic dividend,EAR,2024,4405.28492630999,76.7462997436523,96.0905949050278,8.390560218755187
East Asia & Pacific,EAS,2015,9730.64405529046,87.1539535522461,96.9500599621312,9.18303536572224
East Asia & Pacific,EAS,2016,10011.552668647,86.5248031616211,97.0343965831866,9.211494972033629
East Asia & Pacific,EAS,2017,10612.7930790259,86.7522583007812,97.6915359289014,9.269815446636477
East Asia & Pacific,EAS,2018,11487.5096772887,87.2916488647461,97.66096406877,9.349015609082626
East Asia & Pacific,EAS,2019,11677.4429355606,88.9832077026367,97.8635835308099,9.365414305664311
East Asia & Pacific,EAS,2020,11697.5156784805,89.899040222168,97.7976042617313,9.367131763066936
East Asia & Pacific,EAS,2021,13416.9773441612,90.5817565917969,98.1534049450822,9.50427614999705
East Asia & Pacific,EAS,2022,13219.5863562213,91.2770309448242,98.2159746947416,9.4894548236742
East Asia & Pacific,EAS,2023,13251.5119797804,91.9760818481445,98.4044624957692,9.491866936585666
East Asia & Pacific,EAS,2024,13482.4788785045,92.0157470703125,98.5597948238034,9.509146260624172
Europe & Central Asia (excluding high income),ECA,2015,6338.80741019255,98.9926681518555,99.7676589877916,8.754445924089323
Europe & Central Asia (excluding high income),ECA,2016,6023.54753164072,99.2952423095703,99.8659600305289,8.703431655709345
Europe & Central Asia (excluding high income),ECA,2017,6129.93083517607,100.829452514648,99.9182925529991,8.72093874586107
Europe & Central Asia (excluding high income),ECA,2018,5947.15360517457,100.512466430664,99.9420709286304,8.690667998391792
Europe & Central Asia (excluding high income),ECA,2019,6036.15175345642,100.420219421387,99.9657744725899,8.70552196096607
Europe & Central Asia (excluding high income),ECA,2020,5734.46191312695,98.5530319213867,99.9774302018769,8.654249200074778
Europe & Central Asia (excluding high income),ECA,2021,6632.57221034255,98.3634719848633,99.9616464835516,8.799747973301674
Europe & Central Asia (excluding high income),ECA,2022,7264.37321853889,99.5128402709961,99.9915875475848,8.890737298165405
Europe & Central Asia (excluding high income),ECA,2023,8609.12296290637,99.7431793212891,100,9.060577729620928
Europe & Central Asia (excluding high income),ECA,2024,9801.70054676084,101.207878112793,99.9957431987505,9.190311174784588
Europe & Central Asia,ECS,2015,22742.4739859372,104.618797302246,99.1677793396088,10.03198955584318
Europe & Central Asia,ECS,2016,22554.6821198127,104.274139404297,99.8289900286233,10.023697956185774
Europe & Central Asia,ECS,2017,23839.7319723826,105.108917236328,99.96414862519,10.079108878346899
Europe & Central Asia,ECS,2018,25435.6875035469,104.914413452148,99.9707746763569,10.143908486714523
Europe & Central Asia,ECS,2019,25045.1218961925,104.735778808594,99.9534522262568,10.128434352866817
Europe & Central Asia,ECS,2020,24187.2451763556,103.197662353516,99.9760273251971,10.09358071437217
Europe & Central Asia,ECS,2021,27700.9996673888,103.049743652344,99.9881930522021,10.229223780599643
Europe & Central Asia,ECS,2022,27968.286148204,103.31950378418,99.997731634024,10.238826509674519
Europe & Central Asia,ECS,2023,30015.7640895399,102.803550720215,100,10.30947799228479
Europe & Central Asia,ECS,2024,31630.8552937604,103.311096191406,99.998857471373,10.361888356520902
Ecuador,ECU,2015,5976.1596805651,100.791786193848,98.8,8.695533446764424
Ecuador,ECU,2016,5917.63771271481,98.0803764939006,98.7,8.685692613228005
Ecuador,ECU,2017,6233.32244797718,96.1637651807361,99.2,8.737664767859222
Ecuador,ECU,2018,6303.91886658338,94.9748100922065,98.7,8.748926761306318
Ecuador,ECU,2019,6205.05765246766,93.8371637137576,99.1,8.733119988887672
Ecuador,ECU,2020,5463.64515348598,93.9849491291463,98.8,8.605871456514745
Ecuador,ECU,2021,6061.32350181711,94.5899282617776,100,8.709683454857418
Ecuador,ECU,2022,6515.58528418336,94.1335305764161,100,8.781952321929632
Ecuador,ECU,2023,6718.1447938811,92.8118025876465,98.7,8.81256732306309
"Egypt, Arab Rep.",EGY,2016,3270.6287768197,75.7524086692863,100,8.092737531895827
"Egypt, Arab Rep.",EGY,2017,2395.10333299491,76.4337653082262,100,7.781181654214873
"Egypt, Arab Rep.",EGY,2018,2484.70315630508,76.9816189396849,100,7.81790847719232
"Egypt, Arab Rep.",EGY,2019,2962.98892023003,77.9093978841525,100,7.993953808190951
"Egypt, Arab Rep.",EGY,2020,3511.11381026379,79.6544750074231,100,8.1636885909845045
"Egypt, Arab Rep.",EGY,2021,3827.35415374308,81.8833487066739,100,8.249929021970582
"Egypt, Arab Rep.",EGY,2023,3456.78965212363,84.474862198776,100,8.148095591128989
"Egypt, Arab Rep.",EGY,2024,3338.47371043679,84.8286031306453,100,8.113269008603684
Euro area,EMU,2015,33928.614137702,108.078437805176,99.9321851559415,10.432014012196154
Euro area,EMU,2016,34690.2425639991,107.324981689453,99.9469722581204,10.454213732271407
Euro area,EMU,2017,36691.2109171985,107.568962097168,99.9632363837118,10.510292520816659
Euro area,EMU,2018,39562.0814189751,107.819023132324,99.9752371882724,10.585626398583486
Euro area,EMU,2019,38679.6118917933,107.758697509766,99.9850093995461,10.563067915695623
Euro area,EMU,2020,37727.4543067337,108.483871459961,99.9944412898777,10.53814333935245
Euro area,EMU,2021,42432.2915720012,108.488922119141,99.9963206008424,10.65566494503402
Euro area,EMU,2022,41105.3462099324,108.442291259766,100,10.623893470125449
Euro area,EMU,2023,44797.6445281418,107.966979980469,100,10.709910839523996
Euro area,EMU,2024,46424.2413084574,107.966987609863,100,10.74557704378166
Spain,ESP,2015,25982.4416197775,125.170799255371,100,10.165176266554539
Spain,ESP,2016,26755.6061149398,123.736541748047,100,10.19449930475678
Spain,ESP,2017,28381.3425596906,121.1416015625,100,10.253487256138124
Spain,ESP,2018,30602.4212881113,120.109077453613,100,10.328834411872553
Spain,ESP,2019,29786.5245689007,119.379127502441,100,10.301811374547727
Spain,ESP,2020,27233.942646160802,118.338188171387,100,10.21221936571773
Spain,ESP,2021,30799.4775937775,120.135841369629,100,10.335253007576831
Spain,ESP,2022,30319.4987196616,119.646171569824,100,10.319546306626945
Spain,ESP,2023,33493.2225409111,118.361709594727,100,10.419098385133672
Spain,ESP,2024,35326.7683069278,118.537803649902,100,10.472396264528527
Estonia,EST,2015,17722.1557669523,108.18879699707,100,9.782570874036644
Estonia,EST,2016,18666.3736521706,111.596199035645,100,9.834478983720828
Estonia,EST,2017,20851.5223496861,113.249786376953,100,9.945182238934962
Estonia,EST,2018,23618.1361254581,112.759696960449,100,10.069770175776512
Estonia,EST,2019,24021.2501413306,112.287200927734,100,10.086694140130202
Estonia,EST,2020,23933.9939421065,112.527702331543,100,10.083055068025153
Estonia,EST,2021,27951.1659277744,113.01091003418,100,10.238214192481523
Estonia,EST,2022,28340.3826549406,112.551849365234,100,10.252043015444999
Estonia,EST,2023,30264.0064885057,108.442070007324,100,10.317714380709674
Estonia,EST,2024,31428.3547816104,108.538726806641,100,10.35546578294303
Ethiopia,ETH,2015,597.912113218663,33.9114221981431,29,6.39344377528803
European Union,EUU,2015,30771.6635221374,107.956428527832,99.8929116032593,10.334349529972618
European Union,EUU,2016,31456.903580129,107.125511169434,99.9182637194093,10.356373747741893
European Union,EUU,2017,33394.5944932308,107.415512084961,99.9709724278479,10.416149324347003
European Union,EUU,2018,36076.9018014875,107.554359436035,99.9717103637088,10.493408100242478
European Union,EUU,2019,35374.1493923083,107.295478820801,99.9881556120147,10.473736589209327
European Union,EUU,2020,34694.7105012203,108.119239807129,99.9956022901904,10.454342519192203
European Union,EUU,2021,39206.9663368683,107.976928710938,99.997083420627,10.576609722664738
European Union,EUU,2022,38066.8240398192,107.638740539551,100,10.547098421673255
European Union,EUU,2023,41566.8992410802,106.954109191895,100,10.635059438198805
European Union,EUU,2024,43313.7668203916,106.954109191895,100,10.676225803882984
Finland,FIN,2015,42560.3456767103,150.819213867188,100,10.658678246085698
Finland,FIN,2016,43451.2562442158,152.471435546875,100,10.679395042685613
Finland,FIN,2017,46085.0174739036,153.583709716797,100,10.738243175594528
Finland,FIN,2018,49654.2497035329,153.651428222656,100,10.812839259033648
Finland,FIN,2019,48358.1807773701,144.613204956055,100,10.78639068568719
Finland,FIN,2020,48828.6846862799,143.122909545898,100,10.796073220102286
Finland,FIN,2021,53099.1351400148,143.361343383789,100,10.879915919715371
Finland,FIN,2022,50440.560224974,144.852462768555,100,10.828550896777168
Finland,FIN,2023,52864.6931581216,142.861724853516,100,10.875490968895958
Finland,FIN,2024,53155.5451165897,142.395156860352,100,10.880977707897094
Fiji,FJI,2015,5097.53106864695,87.836769819804,93.2,8.536511597309282
Fiji,FJI,2016,5363.79026679243,89.18202295018,93.4,8.587426143486585
Fiji,FJI,2018,6085.41979485376,92.0806759919252,95.1,8.713650991514301
Fiji,FJI,2019,5842.07344577597,91.8760588497548,96.1,8.672841054894672
Fiji,FJI,2020,4620.6457238014,91.541633605957,97.1,8.43828974136586
Fiji,FJI,2021,4536.73312110335,93.95505855048,92.1,8.419962455166226
Fiji,FJI,2022,5414.12092119088,95.3068339697491,92,8.596765804832636
Fiji,FJI,2023,5926.20586394763,98.540177642079,99.3,8.687139466637046
Fiji,FJI,2024,6425.74151715712,98.0927630329298,95.9,8.768067314334736
France,FRA,2015,36702.4323733379,103.396041870117,100,10.510598309049092
France,FRA,2016,37024.2157133669,103.308097839355,100,10.519327456288199
France,FRA,2017,38687.1626407164,103.756080627441,100,10.563263109278209
France,FRA,2018,41418.1766484844,103.773330688477,100,10.631475112939684
France,FRA,2019,40408.2848574751,104.07689666748,100,10.606790113654695
France,FRA,2020,39169.8606000707,104.566566467285,100,10.575662867809294
France,FRA,2021,43725.0999521245,104.522842407227,100,10.685677585810422
France,FRA,2022,40988.6396406579,104.316436767578,100,10.62105022535698
France,FRA,2023,44700.1384177544,103.962417602539,100,10.707731877190923
France,FRA,2024,46103.0840855884,103.78540802002,100,10.738635126651344
Gabon,GAB,2019,7441.1786472281,70.2639966402203,90.3,8.914784535606321
United Kingdom,GBR,2015,45256.040227057,126.110870361328,100,10.720091425900469
United Kingdom,GBR,2017,40918.0520870944,125.62979888916,100,10.619326615977824
United Kingdom,GBR,2018,43704.3162296687,120.088279724121,100,10.685202145763926
United Kingdom,GBR,2019,43160.6843971799,117.156600952148,100,10.672685276456262
United Kingdom,GBR,2020,40815.1255364787,114.617248535156,100,10.616808015624416
United Kingdom,GBR,2021,47695.6491523474,113.719017028809,100,10.77259545997725
United Kingdom,GBR,2022,47034.7795621476,113.202857971191,100,10.758642597718076
United Kingdom,GBR,2023,49919.6896621586,112.120048522949,100,10.818170786320431
Georgia,GEO,2015,4086.6223465965,106.764155546761,100,8.315474075721646
Georgia,GEO,2016,4143.40125686315,107.779901789534,100,8.329272289152755
Georgia,GEO,2017,4418.75206546679,109.523203664239,100,8.393612597077144
Georgia,GEO,2018,4804.0546040444,111.616827005361,99.9,8.477215549505885
Georgia,GEO,2019,4741.2832715876,111.900853903077,100,8.464063110450166
Georgia,GEO,2020,4300.85701291207,108.06699476725,100,8.366569587151373
Georgia,GEO,2021,5083.60695484577,106.201856681079,100,8.533776319101591
Georgia,GEO,2022,6729.84659930283,103.710205488304,100,8.814307628813294
Georgia,GEO,2023,8283.66960652261,103.183588288651,100,9.022041338393533
Georgia,GEO,2024,8967.67525638987,100.959315536762,100,9.101381752721446
Ghana,GHA,2015,1722.77282833606,67.0486566518056,74,7.4516903812515745
Ghana,GHA,2016,1912.47991339951,67.2644101341977,79.3,7.5561560628478945
Ghana,GHA,2017,2012.28662641265,66.6359450193038,79,7.607026979528979
Ghana,GHA,2018,2195.32166016377,68.2222557975165,80.4,7.6940838569888506
Ghana,GHA,2019,2186.65822682613,71.1877006008423,83.5,7.690129733579404
Ghana,GHA,2020,2195.45481659987,74.0102186341371,85.4,7.694144509785387
Ghana,GHA,2021,2445.18662529344,76.2084742091088,86.3,7.801876728359405
Ghana,GHA,2022,2229.89122654479,77.8168696801948,85.1,7.709708085930337
Ghana,GHA,2024,2419.2518672482,75.7174682617188,91.9,7.791213625590123
"Gambia, The",GMB,2021,781.890925169531,107.027125590442,63.7,6.661715248936414
Greece,GRC,2015,17980.7298238137,103.377700805664,100,9.797055898070218
Greece,GRC,2016,17919.2426377048,103.952072143555,100,9.793630422114855
Greece,GRC,2017,18631.9930129293,104.228790283203,100,9.832635436560311
Greece,GRC,2018,19873.4015238771,103.891693115234,100,9.897137509816558
Greece,GRC,2019,19335.3602002969,106.527839660645,100,9.869690833311724
Greece,GRC,2020,17886.733165236,103.615829467773,100,9.791814553077758
Greece,GRC,2021,20652.89659591,104.77806854248,100,9.935610859540501
Greece,GRC,2022,20884.6773436263,106.599418640137,100,9.946771027619993
Greece,GRC,2023,23343.7103964562,105.191741943359,100,10.058082864776438
Grenada,GRD,2015,8694.12438005692,105.402661854275,91.4,9.070402717871168
Grenada,GRD,2016,9221.23461079424,105.224225612575,91.8,9.129264213312124
Grenada,GRD,2017,9751.42661155932,104.433148126256,92.2,9.185168872422581
Grenada,GRD,2018,10083.021279225,110.379410343161,92.3,9.218608226797118
Grenada,GRD,2020,8968.55890108484,104.298669179131,93.4,9.101480284518916
Grenada,GRD,2021,9617.28902905373,100.989177237286,93.7,9.171317698233391
Grenada,GRD,2024,11528.9220811928,100.731679432948,95.6,9.35261412070485
Guatemala,GTM,2015,3893.50533299068,54.8864188204824,90.5,8.267065144732472
Guatemala,GTM,2016,4060.13784737643,54.4252556188872,91.8,8.308972204575173
Guatemala,GTM,2017,4324.99768915601,54.0444773151521,93.3,8.37216688506665
Guatemala,GTM,2018,4352.94593289707,54.0797647125185,94.2,8.378608120822063
Guatemala,GTM,2019,4511.99839552697,52.5563883982916,95.4,8.414495437576539
Guatemala,GTM,2020,4477.61785000665,51.7956964848587,96.6,8.40684645408132
Guatemala,GTM,2021,4912.62240414681,48.157456034521,97.9,8.499563172741766
Guatemala,GTM,2022,5356.92435887895,45.8926232164663,99.1,8.586145275728807
Guatemala,GTM,2023,5754.42833909847,47.3762534803949,100,8.657724983311365
Guatemala,GTM,2024,6150.89465281457,49.5765804970836,90.9,8.724352822222906
Guyana,GUY,2020,6775.70939096303,86.9400100708008,92.3,8.821099347419706
Guyana,GUY,2021,9860.87014834386,86.70068359375,92.9,9.196329694041983
Guyana,GUY,2023,20473.7002190617,84.4850463867188,98.9,9.926896425341734
Guyana,GUY,2024,29675.2501582835,91.4304496450171,93,10.29806864937607
High income,HIC,2015,36734.6310227088,104.755043029785,99.4412555922339,10.51147521370582
High income,HIC,2016,37232.2355227355,104.632469177246,99.8749398314557,10.524930211336835
High income,HIC,2017,38970.4660370017,104.997749328613,99.9597217073415,10.570559357127086
High income,HIC,2018,41295.6262218527,104.820213317871,99.9626435667928,10.628511870722468
High income,HIC,2019,41570.3760789982,105.102958679199,99.9496095685706,10.63514307909049
High income,HIC,2020,40453.9686533276,104.233299255371,99.9683058935554,10.607920030240727
High income,HIC,2021,45545.9474677756,104.398483276367,99.9798908670507,10.726476929855838
High income,HIC,2022,47056.4874992383,103.741172790527,99.9798001329497,10.759104020720525
High income,HIC,2023,49141.5400740302,103.099243164062,99.9883997819596,10.80245998612192
High income,HIC,2024,50907.2761474674,103.173843383789,99.9679657645831,10.83776114217427
"Hong Kong SAR, China",HKG,2015,42432.1619740441,107.387782928825,100,10.655661890799847
"Hong Kong SAR, China",HKG,2016,43734.1980702999,107.750724637681,100,10.685885639577464
"Hong Kong SAR, China",HKG,2017,46160.429791493,106.78970984146,100,10.739878212046195
"Hong Kong SAR, China",HKG,2018,48537.5668888343,108.16398016119,100,10.790093352124666
"Hong Kong SAR, China",HKG,2019,48359.0011950597,105.068965517241,100,10.786407650980696
"Hong Kong SAR, China",HKG,2020,46109.2299946609,100.449691991786,100,10.738768425747955
"Hong Kong SAR, China",HKG,2021,49770.564237473904,100.161026837806,100,10.815179008687553
"Hong Kong SAR, China",HKG,2022,48825.0272275805,106.185208398621,100,10.795998313401263
"Hong Kong SAR, China",HKG,2024,54274.7547767073,107.160326941213,100,10.901814476573362
Honduras,HND,2015,2271.20265980349,50.3511085144012,90,7.728064776258591
Honduras,HND,2016,2307.34468351082,51.0466486801865,91.6,7.74385265469053
Honduras,HND,2017,2413.0076562942,51.0120391845703,86.5,7.7886292385558455
Honduras,HND,2019,2502.32744328073,64.3524169921875,91.1,7.824976555077984
Honduras,HND,2020,2307.61494319511,58.4268999434804,93.1,7.743969778005341
Honduras,HND,2021,2735.14751503977,54.5046566571526,94.1,7.913940649430753
Honduras,HND,2022,3003.28996826399,53.8605804443359,94.4,8.007463622850228
Honduras,HND,2023,3227.45762509776,54.5012702941895,95.6,8.07944999330781
Honduras,HND,2024,3415.96027916712,51.7639813154374,95.5,8.136213926962379
Heavily indebted poor countries (HIPC),HPC,2015,917.924140878178,39.8027687072754,35.4457879058715,6.8221147519970575
Heavily indebted poor countries (HIPC),HPC,2016,895.291971418288,40.2464485168457,40.5825141572233,6.797149890123401
Heavily indebted poor countries (HIPC),HPC,2017,944.105800649501,40.608570098877,41.4700007412761,6.8502382368245645
Heavily indebted poor countries (HIPC),HPC,2018,986.447970381036,41.0755996704102,43.9720388425801,6.894110582440799
Heavily indebted poor countries (HIPC),HPC,2019,984.553372875279,41.5368003845215,45.014803870368,6.892188109789261
Heavily indebted poor countries (HIPC),HPC,2020,963.808519118256,41.8020210266113,46.3325205711702,6.870892643260606
Heavily indebted poor countries (HIPC),HPC,2021,1062.58689269634,42.0259895324707,48.0116236625576,6.96846167881592
Heavily indebted poor countries (HIPC),HPC,2022,1123.26894975331,41.903938293457,48.6044269308349,7.023998418276079
Heavily indebted poor countries (HIPC),HPC,2023,1157.85200500349,42.0036888122559,50.5208896795623,7.054321847723301
Heavily indebted poor countries (HIPC),HPC,2024,1220.84577070029,42.031810760498,52.4769402918894,7.107299152209653
Croatia,HRV,2015,12283.8750299177,102.981330871582,100,9.416042708105977
Croatia,HRV,2016,12820.1872746645,103.719436645508,100,9.458776338376117
Croatia,HRV,2017,13901.6498657787,104.214416503906,100,9.539762807454807
Croatia,HRV,2018,15460.4560798984,104.960083007812,100,9.646040822346537
Croatia,HRV,2019,15563.7354996625,105.13597869873,100,9.652698839592427
Croatia,HRV,2020,14807.5559227544,105.585418701172,100,9.602892864794631
Croatia,HRV,2021,17788.7601163765,105.876342773438,100,9.786322082692894
Croatia,HRV,2022,18465.531473659,105.577796936035,100,9.82366110963221
Croatia,HRV,2023,22183.4982258492,105.025161743164,100,10.007103968298786
Hungary,HUN,2015,12782.9412577973,104.633018493652,100,9.455866846819694
Hungary,HUN,2016,13215.8605277789,103.966499328613,100,9.489172942419579
Hungary,HUN,2017,14736.1668157258,104.152000427246,100,9.598060078716424
Hungary,HUN,2018,16605.0570511887,103.612083435059,100,9.717462569588667
Hungary,HUN,2019,17012.8598553199,102.438682556152,100,9.741724799142766
Hungary,HUN,2020,16386.9308821258,101.940628051758,100,9.704239398689388
Hungary,HUN,2021,19030.628130329,99.6460494995117,100,9.853804967119558
Hungary,HUN,2022,18428.028825614,102.851913452148,100,9.821628090283692
Hungary,HUN,2023,22208.6509820466,105.419059753418,100,10.0082371758293
Hungary,HUN,2024,23305.4482514359,107.350929260254,100,10.056442442753424
IBRD only,IBD,2015,5546.81934137697,83.8866729736328,95.1768053412642,8.620979950816906
IBRD only,IBD,2016,5535.21577803788,84.2895202636719,95.836371597902,8.618885828671557
IBRD only,IBD,2017,6053.47287028012,84.0430603027344,96.6040591336246,8.708387414479228
IBRD only,IBD,2018,6392.20731313147,84.8651809692383,97.7498443251445,8.76283492013848
IBRD only,IBD,2019,6474.8042775296,85.4896697998047,97.8715752983766,8.775673658702326
IBRD only,IBD,2020,6189.46595997499,86.5367431640625,98.0567134046334,8.73060408731622
IBRD only,IBD,2021,7312.40590533832,88.0158615112305,99.1094167920247,8.89732762381128
IBRD only,IBD,2022,7679.78639337735,88.6169586181641,98.9686574577803,8.946347012392595
IBRD only,IBD,2023,7892.13359236419,88.1284332275391,99.0885815861564,8.973621794566924
IBRD only,IBD,2024,8186.57476056638,87.8844375610352,99.1710314335576,9.010250867214772
IDA & IBRD total,IBT,2015,4477.24409653758,71.2579727172852,84.8058720870898,8.406762979099456
IDA & IBRD total,IBT,2016,4450.00988856601,71.5326538085938,86.2020439952187,8.400661597307483
IDA & IBRD total,IBT,2017,4833.02970118676,71.2666473388672,87.1825242962377,8.48322881732315
IDA & IBRD total,IBT,2018,5085.0801851085,72.0176467895508,88.2076680736069,8.53406607730789
IDA & IBRD total,IBT,2019,5168.03480575859,72.4810028076172,88.5722643080015,8.550247780300166
IDA & IBRD total,IBT,2020,4923.39708871472,73.1505279541016,88.9159802522601,8.501754036410853
IDA & IBRD total,IBT,2021,5754.17990139813,74.037956237793,90.0247787023894,8.657681809072535
IDA & IBRD total,IBT,2022,6024.32591287554,74.3354263305664,89.9534822341794,8.703560870419226
IDA & IBRD total,IBT,2023,6126.38809068241,74.1094665527344,90.3195251994939,8.720360636787087
IDA & IBRD total,IBT,2024,6304.3969997243,74.2192764282227,90.6841858083156,8.749002605399411
IDA total,IDA,2015,1357.9051932623,45.4048004150391,54.526027751815,7.213698492178104
IDA total,IDA,2016,1321.74768141485,45.9741096496582,58.3995349206974,7.186710140935735
IDA total,IDA,2017,1357.47789528252,46.0770606994629,60.3233347999931,7.213383768274056
IDA total,IDA,2018,1411.20738303305,47.0796508789062,61.3597693909093,7.252200916979948
IDA total,IDA,2019,1546.57261928545,47.7252197265625,62.7746020826155,7.343796548206925
IDA total,IDA,2020,1467.74475406134,48.1654510498047,63.9419318251959,7.291482320801536
IDA total,IDA,2021,1569.43031809587,48.3628692626953,65.6033228695587,7.358467977778646
IDA total,IDA,2022,1651.01916315494,48.4808082580566,66.1150819903058,7.4091480508515195
IDA total,IDA,2023,1536.73358897841,49.1449699401855,67.5062058598898,7.3374143966856264
IDA total,IDA,2024,1487.2803211344,49.8824882507324,68.9457220651021,7.304704443242545
IDA blend,IDB,2015,1967.8941145813,44.797679901123,68.7868324940631,7.584719272598322
IDA blend,IDB,2016,1810.82104602308,44.0539512634277,72.5460349141719,7.501535637994307
IDA blend,IDB,2017,1808.86674135882,44.0313491821289,71.6466137332559,7.500455818424803
IDA blend,IDB,2018,1873.7385939606,44.9707107543945,73.151878223369,7.53569096211908
IDA blend,IDB,2019,2210.55539131628,46.2539215087891,73.9089088089712,7.70099907122707
IDA blend,IDB,2020,2014.81189013082,46.746711730957,74.4924621989682,7.608281115249168
IDA blend,IDB,2021,2148.31628647273,47.0853805541992,76.4698873250238,7.67243969175022
IDA blend,IDB,2022,2241.22931753571,47.5066413879395,76.9975316257502,7.714779796783382
IDA blend,IDB,2023,1922.68195677238,49.7783699035645,77.9201343756954,7.56147634281657
IDA blend,IDB,2024,1658.96290902751,51.6991004943848,78.8148230386128,7.413947932512852
Indonesia,IDN,2015,3288.22269725538,87.8423207929976,97.5,8.09810248419129
Indonesia,IDN,2016,3521.46943457574,87.8191791728036,97.6,8.16663363448735
Indonesia,IDN,2017,3798.88326174526,90.9455391241064,98.1,8.242462424035642
Indonesia,IDN,2018,3860.95353090726,92.8120739600443,98.5,8.258669460684754
Indonesia,IDN,2019,4106.94856160358,94.9467044891028,98.8,8.320435589311186
Indonesia,IDN,2020,3853.70288774146,96.9345779132931,97,8.256789754082872
Indonesia,IDN,2021,4287.17313995098,97.8441479813619,99.2,8.363382852988169
Indonesia,IDN,2022,4730.83484836107,97.8167602714893,100,8.461856966622147
Indonesia,IDN,2023,4876.2992959843,96.0002120295081,99.4,8.492141870174391
Indonesia,IDN,2024,4925.43644992666,98.836444459078,99.9,8.502168168954181
IDA only,IDX,2015,1024.03892548547,45.706901550293,46.7071456668839,6.931509818046375
IDA only,IDX,2016,1054.71572764683,47.0442504882812,50.6626258014594,6.961026557133868
IDA only,IDX,2017,1111.6681922431,47.2879905700684,54.1468852720313,7.013617042013297
IDA only,IDX,2018,1159.99786764696,48.356689453125,54.9448489168899,7.056173445863341
IDA only,IDX,2019,1187.14057928369,48.7072715759277,56.7377764694733,7.079302820018071
IDA only,IDX,2020,1172.52623503626,49.1507911682129,58.2396653821217,7.066915875367561
IDA only,IDX,2021,1257.78054041357,49.3171501159668,59.7443718318286,7.1371039708604265
IDA only,IDX,2022,1333.98547158611,49.1855697631836,60.2610028883008,7.195926335551278
IDA only,IDX,2023,1330.08005697828,49.1937789916992,61.9225640121999,7.192994412621013
IDA only,IDX,2024,1395.67575971244,49.2888603210449,63.6732469361987,7.241133992528597
India,IND,2015,1583.99815907985,74.6113662719727,88,7.3677074101766316
India,IND,2016,1707.50892912243,75.9372863769531,89.6,7.44279082078555
India,IND,2017,1950.10468280866,74.6743774414062,91.8,7.575638333608506
India,IND,2018,1966.25455171679,76.0025787353516,95.7,7.583885769292524
India,IND,2019,2041.42863698585,75.8716506958008,95.9,7.621405153982032
India,IND,2020,1907.04251637669,77.6271548412386,96.5,7.553308900253144
India,IND,2021,2239.61384367482,80.6246396728944,99.6,7.7140587387714135
India,IND,2022,2279.98145719369,81.1778608399708,99.2,7.73192258910563
India,IND,2023,2434.44826340989,78.8639591218839,99.5,7.797475423973605
India,IND,2024,2591.9916607122,78.1058073224606,99.9,7.860181840149165
Ireland,IRL,2015,64250.1385181257,116.989868164062,100,11.070539158679278
Ireland,IRL,2016,64129.5571542383,117.028717041016,100,11.06866064668071
Ireland,IRL,2017,72161.4047531385,125.027168273926,100,11.186660621746835
Ireland,IRL,2018,80804.1123164826,154.163345336914,100,11.299783138220052
Ireland,IRL,2019,81827.6688873996,137.07568359375,100,11.312370715854257
Ireland,IRL,2020,86514.0706108754,133.497024536133,100,11.36806234571297
Ireland,IRL,2021,103783.446284479,132.947692871094,100,11.55006175996797
Ireland,IRL,2022,105190.685952731,130.604965209961,100,11.563530038795156
"Iran, Islamic Rep.",IRN,2015,4952.73355532178,82.7305221557617,100,8.507694936536325
"Iran, Islamic Rep.",IRN,2016,5710.59947089104,83.3275680541992,100,8.650079283284937
"Iran, Islamic Rep.",IRN,2017,6000.93346404409,82.7564392089844,99.9,8.699670313449975
"Iran, Islamic Rep.",IRN,2020,3202.50003502169,85.1913986206055,100,8.071687044706623
"Iran, Islamic Rep.",IRN,2022,4721.20437099984,85.6060028076172,100,8.459819209378395
"Iran, Islamic Rep.",IRN,2023,5049.29931642754,85.1469802856445,100,8.527004763420573
Iceland,ISL,2015,53505.6964079339,119.807357788086,100,10.8875434021307
Iceland,ISL,2016,62854.0906407932,117.122772216797,100,11.048571297672773
Iceland,ISL,2017,72976.3729990975,115.741142272949,100,11.19789101019551
Iceland,ISL,2018,75633.8651351915,114.649406433105,100,11.23365941339099
Iceland,ISL,2019,69296.3144361601,112.034339904785,100,11.14614700102435
Iceland,ISL,2020,60127.9393575616,110.487319946289,100,11.004229893656962
Iceland,ISL,2021,70425.4064277273,115.156303405762,100,11.162309363799661
Iceland,ISL,2022,76376.9599334915,112.589393615723,100,11.24343635812161
Iceland,ISL,2023,82201.2908518078,108.911361694336,100,11.31692628471425
Israel,ISR,2015,36138.13561386,98.464973449707,100,10.49510397493118
Israel,ISR,2016,37571.2561196275,99.2754516601562,100,10.533994572122163
Israel,ISR,2017,41013.2575323519,98.0842971801758,100,10.62165064786627
Israel,ISR,2018,42269.3770257585,98.327278137207,100,10.651818155476326
Israel,ISR,2019,44091.8678022544,97.8852386474609,100,10.694030640853509
Israel,ISR,2020,44590.8237253282,98.0958404541016,100,10.705283370770655
Israel,ISR,2021,52258.4693499398,98.8700408935547,100,10.86395724951325
Israel,ISR,2022,54947.2091250715,98.5873031616211,100,10.914128169189288
Israel,ISR,2023,52126.4489280033,99.3012008666992,100,10.861427755894688
Israel,ISR,2024,54216.5218142787,98.5473403930664,100,10.9007409714981
Italy,ITA,2015,30639.8829751432,101.228088378906,100,10.330057804498121
Italy,ITA,2016,31391.5692898108,100.742958068848,100,10.35429464189032
Italy,ITA,2017,32844.115660604,101.01001739502,100,10.399527880336423
Italy,ITA,2018,35062.3364176949,101.526412963867,100,10.464882796805183
Italy,ITA,2019,33812.788724868,101.74178314209,100,10.428594374550325
Italy,ITA,2020,32091.4866621366,101.836128234863,100,10.376346060925364
Italy,ITA,2021,36852.5425414951,101.834869384766,100,10.514679892292794
Italy,ITA,2022,35653.9042103495,101.353858947754,100,10.481613934862926
Italy,ITA,2023,39279.699782164,100.678756713867,100,10.57846311941893
Jamaica,JAM,2015,5339.30718256806,85.3548254033729,94.9,8.582851182445014
Jamaica,JAM,2016,5302.29553353854,87.9398248609799,96.6,8.575895125306594
Jamaica,JAM,2017,5605.43541173019,84.2369432325225,97.4,8.631492015224206
Jamaica,JAM,2018,5976.90362644337,83.7616154022844,98.2,8.695657924625893
Jamaica,JAM,2019,6030.68896415921,85.7618499653089,98.9,8.704616539273973
Jamaica,JAM,2020,5299.04530804283,81.5337816615681,99.7,8.575281952756798
Jamaica,JAM,2021,5625.67806271236,85.8093525179856,100,8.635096764289916
Jamaica,JAM,2022,6626.47502388538,82.8584671020508,100,8.798828271187451
Jamaica,JAM,2023,7542.39855849054,85.4353132628153,97.7,8.928295521621003
Jamaica,JAM,2024,7753.8119527678,84.4572372436523,97.7,8.955939866294782
Jordan,JOR,2017,4449.34618076611,88.8758288897009,100,8.400512438695115
Jordan,JOR,2018,4533.97658437205,89.7929068080636,99.9,8.419354666601569
Jordan,JOR,2019,4557.79334729121,89.5104774843719,99.9,8.42459387031603
Jordan,JOR,2020,4411.48321838396,90.1992992911958,99.9,8.39196624259371
Jordan,JOR,2021,4581.71967230365,90.0636022467584,99.9,8.429829680937502
Jordan,JOR,2022,4754.41362207378,90.9912658899133,100,8.466828649199318
Jordan,JOR,2023,4906.23543006639,91.9696843781763,100,8.498262211858313
Jordan,JOR,2024,5073.92103605892,91.7518621587381,100,8.531869177574379
Japan,JPN,2015,35664.6446110613,101.724517822266,100,10.481915130021003
Japan,JPN,2016,40214.9688631562,101.296928405762,100,10.601994565078419
Japan,JPN,2017,39679.8635262948,100.260749816895,100,10.588599122035404
Japan,JPN,2018,40645.478086519,100.482200622559,100,10.612642868604274
Japan,JPN,2019,41424.8655601543,100.660270690918,100,10.631636596909999
Japan,JPN,2020,41098.9739004553,101.34056854248,100,10.62373843424701
Japan,JPN,2021,41580.739040705,101.744400024414,100,10.635392335200779
Japan,JPN,2022,35548.2645222433,101.38200378418,100,10.478646616100042
Japan,JPN,2023,35215.003535366,101.537071228027,100,10.469227507573258
Kazakhstan,KAZ,2015,10196.1226255982,98.2120601574997,100,9.22976279225756
Kazakhstan,KAZ,2016,7475.56688689424,97.0463003338151,100,8.919395233094958
Kazakhstan,KAZ,2017,8943.08416791984,96.5061709309357,100,9.098635793899772
Kazakhstan,KAZ,2018,9472.48527327758,96.1156212742477,100,9.156146588209845
Kazakhstan,KAZ,2019,9457.12614657136,96.5371355057456,100,9.154523825889365
Kazakhstan,KAZ,2020,8781.50797787648,91.9490206290752,100,9.080403423348137
Kazakhstan,KAZ,2021,9983.60103576902,94.310522086739,100,9.208699129451098
Kazakhstan,KAZ,2022,11255.3396437881,94.0433413378673,100,9.32859793003239
Kazakhstan,KAZ,2023,12879.4275257974,95.2393054334066,100,9.463386551915699
Kazakhstan,KAZ,2024,14154.6324958076,97.198884231219,100,9.55779723435538
Kenya,KEN,2015,1489.11959777284,72.5750860661828,41.6,7.305940350326721
Kenya,KEN,2016,1554.12610314423,74.4698594945796,53.1,7.348668675089776
Kenya,KEN,2021,2061.35622089594,80.3774269704216,76.5,7.631119404818203
Kenya,KEN,2022,2109.56288513137,83.7738192286218,76,7.654236041563953
Kenya,KEN,2023,1942.58802756191,84.3083880306996,76.2,7.571776397849223
Kyrgyz Republic,KGZ,2015,1105.65193844261,88.9591724149373,98.7,7.008190429517273
Kyrgyz Republic,KGZ,2016,1103.27489428412,90.4864998184447,99.7,7.006038212394624
Kyrgyz Republic,KGZ,2017,1221.39046807082,89.9187538995131,100,7.1077452166574036
Kyrgyz Republic,KGZ,2018,1283.5203037417,91.1445853879787,100,7.157361819229083
Kyrgyz Republic,KGZ,2019,1421.99927504102,91.6686153595535,99.9,7.259819100546615
Kyrgyz Republic,KGZ,2020,1229.51766602907,92.1655305586517,99.9,7.114377230019122
Kyrgyz Republic,KGZ,2021,1349.99730650542,92.5062000270634,99.7,7.207857876249315
Kyrgyz Republic,KGZ,2023,2138.2221021147798,91.2655243671618,100,7.667729969311487
Kyrgyz Republic,KGZ,2024,2514.81066933171,91.339996215143,100,7.829952799116301
Cambodia,KHM,2017,1826.35391688754,48.9424458707368,89.1,7.510076863232533
Cambodia,KHM,2018,2036.67377566578,50.199099715459,80.7,7.619073253998369
Cambodia,KHM,2019,2225.87705485686,49.7344518908574,84,7.707906298889181
Cambodia,KHM,2020,2081.73914242939,51.8196983337402,86.4,7.64095894950458
Cambodia,KHM,2021,2167.40324198499,54.2809323078227,82.5,7.681285067282272
Cambodia,KHM,2022,2325.03050040841,55.1346812645406,92.3,7.75148843639064
Cambodia,KHM,2023,2429.74853452838,56.7864734981041,95,7.795543047246606
Cambodia,KHM,2024,2627.87969756224,58.7893230437643,99.2,7.873932601373376
Kiribati,KIR,2021,2223.54147866465,87.142166928373,92.8,7.706856464449411
Kiribati,KIR,2022,2078.7648751855,88.6853008111105,94.4,7.639529186313404
Kiribati,KIR,2023,2200.68918614289,94.7441990494828,95.9,7.696525856717311
Kiribati,KIR,2024,2550.98377226188,90.2786712646484,97.7,7.844234356797345
St. Kitts and Nevis,KNA,2015,20328.8003530109,115.485420227051,100,9.9197938961755
St. Kitts and Nevis,KNA,2016,21387.5415511103,116.914031982422,100,9.970563860974028
St. Kitts and Nevis,KNA,2017,22464.9899633959,119.603784742756,100,10.019713374737897
St. Kitts and Nevis,KNA,2018,22901.3816403197,116.923551171393,100,10.038952521360745
St. Kitts and Nevis,KNA,2019,23595.4923231291,118.920614998431,100,10.068810969513015
St. Kitts and Nevis,KNA,2020,18859.0190361046,111.195206559445,100,9.844746541902841
St. Kitts and Nevis,KNA,2021,18361.1449697886,123.94677734375,100,9.817992024418963
St. Kitts and Nevis,KNA,2022,21011.5744209816,119.88360814743,100,9.95282872777496
St. Kitts and Nevis,KNA,2023,22576.9248439166,137.513208876365,100,10.024683639054219
"Korea, Rep.",KOR,2015,30171.7906545222,98.5931930541992,100,10.31466268254703
"Korea, Rep.",KOR,2016,30832.0628072516,98.7179565429688,100,10.336310427732107
"Korea, Rep.",KOR,2017,33296.9845439195,99.105583190918,100,10.413222117631602
"Korea, Rep.",KOR,2018,35363.9508228687,99.3186569213867,100,10.473448241926059
"Korea, Rep.",KOR,2019,33826.9443301597,98.3813018798828,100,10.429012933431592
"Korea, Rep.",KOR,2020,33645.7719545073,97.0888214111328,100,10.423642679467017
"Korea, Rep.",KOR,2021,37518.4635305697,98.0692291259766,100,10.53258845160388
"Korea, Rep.",KOR,2022,34822.4048404971,97.8181304931641,100,10.458016275856812
"Korea, Rep.",KOR,2023,35674.095995632,96.2983932495117,100,10.482180102027675
"Korea, Rep.",KOR,2024,36238.639908315,96.2539901733398,100,10.497881229328884
Kuwait,KWT,2015,29882.2126495698,95.3934020996094,100,10.30501868769552
Latin America & Caribbean (excluding high income),LAC,2015,8087.33242325425,95.2629776000977,97.1998388366848,8.998054218131331
Latin America & Caribbean (excluding high income),LAC,2016,7751.59336930245,96.5217132568359,97.3895317965432,8.95565369725445
Latin America & Caribbean (excluding high income),LAC,2017,8568.05689042807,97.0704727172852,97.6345956572633,9.055796251978098
Latin America & Caribbean (excluding high income),LAC,2018,8231.91428708974,98.0456771850586,97.6720041771543,9.015773865298568
Latin America & Caribbean (excluding high income),LAC,2019,8006.02224102566,97.9452209472656,97.9267480324862,8.987949317593333
Latin America & Caribbean (excluding high income),LAC,2020,6651.15822114273,97.2736892700195,98.0726539787735,8.802546287077202
Latin America & Caribbean (excluding high income),LAC,2021,7694.61136917625,97.3833618164062,98.2080478765579,8.948275540667021
Latin America & Caribbean (excluding high income),LAC,2022,8838.67169511547,96.8845901489258,98.5332606972821,9.08689188360787
Latin America & Caribbean (excluding high income),LAC,2023,9891.4632795533,97.3537902832031,98.348001499771,9.199427369137878
Latin America & Caribbean (excluding high income),LAC,2024,10065.5029056612,97.849609375,97.9933011133193,9.216869302614139
Lao PDR,LAO,2015,2121.01339097363,62.2967936554274,89.7,7.6596492680636725
Lao PDR,LAO,2016,2303.22156035363,64.7630026961054,89,7.742064100296888
Lao PDR,LAO,2017,2432.43059478511,66.0411073482017,93.6,7.79664628119066
Lao PDR,LAO,2018,2545.1075420815,66.1528570578416,92.9,7.841928184312483
Lao PDR,LAO,2019,2589.32081035237,64.986385458831,98.4,7.859150884918687
Lao PDR,LAO,2020,2583.77730696131,62.4493058083911,99.3,7.857007679672131
Lao PDR,LAO,2021,2526.05105018529,59.8530595325837,100,7.834412512597466
Lao PDR,LAO,2022,2046.40440255621,56.8782044614964,100,7.623839582188668
Lao PDR,LAO,2023,2066.94979776957,54.4330611689851,96.5,7.6338292719023375
Lao PDR,LAO,2024,2123.97909415109,51.8523602531839,96.5,7.661046539634995
Lebanon,LBN,2015,7714.1099998804,58.1075064918095,99.7,8.950806398438399
Lebanon,LBN,2016,8089.012088155,59.4640916311345,99.8,8.998261887411076
Lebanon,LBN,2017,8608.21084982387,63.1400703776303,99.9,9.06047177673725
Lebanon,LBN,2018,9174.53666204759,64.2435656996928,99.7,9.124187171598292
Lebanon,LBN,2019,8905.88005497437,65.2767643910733,100,9.094467017901259
Lebanon,LBN,2020,5561.19166950397,65.89697761206,100,8.623567693326915
Lebanon,LBN,2021,4045.37391066234,67.5143617766569,100,8.305329262961486
Lebanon,LBN,2022,3654.35845534878,64.5017084327233,100,8.203675831565153
Lebanon,LBN,2023,3477.72489842684,62.8279212477627,100,8.15413359415124
Lebanon,LBN,2024,4473.27134441128,63.7923011779785,100,8.405875264327408
Liberia,LBR,2015,692.590082351257,36.3728485107422,15.2,6.540438312419157
Liberia,LBR,2020,616.787867006715,37.7416801452637,27.6,6.424525151184561
St. Lucia,LCA,2015,10334.9860823918,90.9497604370117,99,9.243290125466853
St. Lucia,LCA,2016,10638.1269396653,89.6722183227539,99.8,9.272199707893723
St. Lucia,LCA,2017,11333.1123822102,88.9026336669922,99.9,9.33548401905281
St. Lucia,LCA,2018,11642.6984727769,88.7150192260742,100,9.362434521975725
St. Lucia,LCA,2019,11764.3944032403,88.3461303710938,100,9.372832825398895
St. Lucia,LCA,2020,8537.11495506727,88.7376327514648,100,9.05217840243063
St. Lucia,LCA,2022,12976.1489693474,87.6844863891602,100,9.470868256664403
St. Lucia,LCA,2023,13616.6397593734,88.6818771362305,100,9.519047835562278
St. Lucia,LCA,2024,14493.658470648,87.8672424011515,100,9.581466485892776
Latin America & Caribbean,LCN,2015,8546.9179023802,95.0755462646484,97.2847276074314,9.053326017688764
Latin America & Caribbean,LCN,2016,8241.51169070648,96.088623046875,97.4783821342287,9.016939063687238
Latin America & Caribbean,LCN,2017,9065.82390216762,96.5442810058594,97.7105992174177,9.112267007328871
Latin America & Caribbean,LCN,2018,8778.55673829884,97.567138671875,97.756715207991,9.080067292513414
Latin America & Caribbean,LCN,2019,8539.95940708219,97.6430587768555,97.9982113870485,9.052511533502255
Latin America & Caribbean,LCN,2020,7169.39235876452,97.1172180175781,98.1472760748436,8.877576182270786
Latin America & Caribbean,LCN,2021,8292.15210222359,97.418701171875,98.2756306140479,9.023064816636783
Latin America & Caribbean,LCN,2022,9412.05924553392,97.0838012695312,98.5788786246178,9.149747044508054
Latin America & Caribbean,LCN,2023,10507.6138782353,97.5462493896484,98.4226177308055,9.259855404625473
Latin America & Caribbean,LCN,2024,10705.1067802788,98.0161209106445,98.0459111591331,9.27847617577822
Least developed countries: UN classification,LDC,2015,983.414934367096,43.4818801879883,42.3112596715938,6.8910311413248975
Least developed countries: UN classification,LDC,2016,968.123330592586,45.0734481811523,46.3455300500397,6.8753594867978824
Least developed countries: UN classification,LDC,2017,1037.25514816682,45.3309783935547,50.2060962041014,6.944333222485134
Least developed countries: UN classification,LDC,2018,1082.35070462921,46.3452491760254,51.0882635710901,6.98689053316354
Least developed countries: UN classification,LDC,2019,1106.28664072321,46.6186790466309,52.8790143070516,7.0087643173313365
Least developed countries: UN classification,LDC,2020,1089.46260850363,47.123161315918,54.4739882982852,6.993439833927566
Least developed countries: UN classification,LDC,2021,1175.42321388464,47.2416381835938,56.1058821370756,7.069383543757764
Least developed countries: UN classification,LDC,2022,1298.29338219278,47.1495704650879,56.7044105069269,7.168805898066595
Least developed countries: UN classification,LDC,2023,1258.15690309732,46.8281211853027,58.4334317805897,7.137403153725667
Least developed countries: UN classification,LDC,2024,1299.44368873396,46.8867797851562,60.3676703753846,7.169691520117602
Low income,LIC,2015,714.836450326294,37.923469543457,32.1944741335402,6.572053775726454
Low income,LIC,2016,633.777355522048,38.5197486877441,37.4479617651254,6.451697718505662
Low income,LIC,2017,644.852308695691,39.1869812011719,39.1396999246683,6.469021311809762
Low income,LIC,2018,661.14729086377,39.6589889526367,40.4586751561812,6.493976645382352
Low income,LIC,2019,671.117139517642,40.1644515991211,41.8440112578434,6.50894369627726
Low income,LIC,2020,645.138571127662,40.6751289367676,43.236730725436,6.4694651326788035
Low income,LIC,2021,694.087880017057,41.3215103149414,44.8338005527739,6.542598580756775
Low income,LIC,2022,778.915065676706,41.4288291931152,44.9581860319955,6.6579020099865085
Low income,LIC,2023,765.64916597333,41.2906608581543,46.8863791540125,6.640724056955236
Low income,LIC,2024,808.500564579264,41.4877090454102,48.8005987231827,6.695181377321512
Liechtenstein,LIE,2015,167187.15730982,116.123443603516,100,12.026869166334706
Liechtenstein,LIE,2016,165375.491396259,116.028373718262,100,12.015973872818792
Liechtenstein,LIE,2017,170547.092298954,117.094329833984,100,12.046766738736073
Liechtenstein,LIE,2018,174988.775083446,112.010162353516,100,12.072477108468131
Liechtenstein,LIE,2019,166907.839305016,119.209663391113,100,12.025197078618863
Liechtenstein,LIE,2020,164671.093553454,120.228446960449,100,12.011705391068443
Liechtenstein,LIE,2021,201944.830335076,118.726867675781,100,12.215749821926972
Sri Lanka,LKA,2015,4057.71582716521,94.4516928962286,94.3,8.308375490128181
Sri Lanka,LKA,2016,4149.19189391879,93.9037221276375,97.5,8.330668869906576
Sri Lanka,LKA,2017,4398.88828786059,94.0418660922689,97.5,8.389107126132103
Sri Lanka,LKA,2018,4358.56095905888,95.9107331693991,99.6,8.379897226601129
Sri Lanka,LKA,2021,3996.96240531688,89.8339685558794,100,8.293289952942015
Sri Lanka,LKA,2022,3342.63650438046,88.1918156520303,100,8.114515147149078
Sri Lanka,LKA,2023,3815.41531767474,87.9534065332114,100,8.246804802190308
Lower middle income,LMC,2015,1780.68853695471,64.2839508056641,79.5898315547367,7.484755387005019
Lower middle income,LMC,2016,1817.03211621924,65.2184982299805,81.6559415186104,7.504959743649561
Lower middle income,LMC,2017,1943.04862156303,64.5459213256836,83.6717620116648,7.572013473028849
Lower middle income,LMC,2018,1986.83702598126,65.6671371459961,86.0358983303437,7.5942992190476994
Lower middle income,LMC,2019,2116.20506959362,66.0686264038086,86.7664523653516,7.657379702078958
Lower middle income,LMC,2020,1996.97695544468,67.2740707397461,87.534043658525,7.599389793762193
Lower middle income,LMC,2021,2251.14460096524,68.5112686157227,89.8258266528143,7.719194077388723
Lower middle income,LMC,2022,2347.99329840156,68.8880081176758,89.9475979235739,7.761316326770813
Lower middle income,LMC,2023,2319.95481547486,68.3673324584961,90.5927216759463,7.749302988382272
Lower middle income,LMC,2024,2354.1541763908,67.9754104614258,91.3581860772078,7.763936781168604
Low & middle income,LMY,2015,4223.77742891002,71.0254516601562,84.1611741682089,8.348485131978416
Low & middle income,LMY,2016,4211.54702250163,71.3257293701172,85.5246558169944,8.345585322955257
Low & middle income,LMY,2017,4543.08689291431,71.0693130493164,86.5356490857827,8.421361992346093
Low & middle income,LMY,2018,4773.03574184686,71.8182983398438,87.6089655146589,8.470737805317867
Low & middle income,LMY,2019,4857.12471542798,72.2773895263672,88.0036720417216,8.488201919477065
Low & middle income,LMY,2020,4646.47209072865,72.8933029174805,88.3700636132634,8.443863520464484
Low & middle income,LMY,2021,5422.11312035073,73.7843627929688,89.5267133602325,8.598240893055793
Low & middle income,LMY,2022,5626.6962378216,74.0918502807617,89.4668649583682,8.635277735005042
Low & middle income,LMY,2023,5733.51584469729,73.8575210571289,89.8583124845854,8.654084207004198
Low & middle income,LMY,2024,5874.03080372303,73.9114227294922,90.2581392015093,8.678296355824322
Lesotho,LSO,2015,1121.19851342518,59.3985096286536,31.8,7.022153493411392
Lesotho,LSO,2016,992.491840678465,56.8386993408203,35.1,6.900218791548676
Lesotho,LSO,2017,1069.36673247542,59.3586515505342,33.7,6.974821913442213
Late-demographic dividend,LTE,2015,8331.63288950883,90.5664978027344,98.7802217306047,9.027814741101588
Late-demographic dividend,LTE,2016,8297.33628667142,90.0658874511719,99.1163496922603,9.023689812959159
Late-demographic dividend,LTE,2017,9138.44151395876,90.0732574462891,99.2721123074965,9.120245137213274
Late-demographic dividend,LTE,2018,9966.8758096194,90.9479675292969,99.2806763593238,9.20702245473325
Late-demographic dividend,LTE,2019,10120.4663725773,92.0392837524414,99.3289771232339,9.22231502602638
Late-demographic dividend,LTE,2020,9874.06805462328,92.259880065918,99.3868589993401,9.197667211100432
Late-demographic dividend,LTE,2021,11760.0897155889,93.1393737792969,99.4116181639433,9.372466850300125
Late-demographic dividend,LTE,2022,12287.4566066286,93.5337371826172,99.4771148328134,9.416334232943884
Late-demographic dividend,LTE,2023,12427.24971376,93.8114471435547,99.4570958130029,9.427646898056507
Late-demographic dividend,LTE,2024,12874.6436381177,94.1665420532227,99.5003821979258,9.463015046556079
Lithuania,LTU,2015,14269.8039878287,106.955902099609,100,9.565900974414994
Lithuania,LTU,2016,14934.2702840428,106.39778137207,100,9.611413870001764
Lithuania,LTU,2017,16800.1510246099,107.223350524902,100,9.729143154911057
Lithuania,LTU,2018,19247.2315367967,106.866737365723,100,9.865122513103078
Lithuania,LTU,2019,19608.7943945553,106.835861206055,100,9.883733438185496
Lithuania,LTU,2020,20428.6478157394,106.810821533203,100,9.924693499411738
Lithuania,LTU,2021,23882.8668916753,105.67610168457,100,10.080916614390878
Lithuania,LTU,2022,24946.5724005188,106.918357849121,100,10.12449171300562
Lithuania,LTU,2023,27983.3658256887,105.428817749023,100,10.239365534969316
Lithuania,LTU,2024,29603.7772588256,104.860809326172,100,10.295657242266136
Luxembourg,LUX,2015,105462.012584423,104.379188537598,100,11.566106096767557
Luxembourg,LUX,2016,106899.293549552,106.08519744873,100,11.57964248847448
Luxembourg,LUX,2017,110193.213797228,106.78434753418,100,11.609990593017372
Luxembourg,LUX,2018,116926.759593905,106.983123779297,100,11.669303031391737
Luxembourg,LUX,2019,112696.649059674,106.946510314941,100,11.632454966308753
Luxembourg,LUX,2020,116860.02817236,107.078948974609,100,11.66873215718627
Luxembourg,LUX,2021,134965.815442152,106.482757568359,100,11.812776806408214
Luxembourg,LUX,2022,123719.658915996,107.83975982666,100,11.72577346989249
Luxembourg,LUX,2023,133230.619178899,107.744010925293,100,11.79983688438697
Luxembourg,LUX,2024,137781.681659123,108.577438354492,100,11.83342569446625
Latvia,LVA,2015,13321.9753140616,112.356651306152,100,9.49717022995096
Latvia,LVA,2016,13838.5266823272,111.296806335449,100,9.535211769916
Latvia,LVA,2017,15132.4958333982,110.723251342773,100,9.624599752424531
Latvia,LVA,2018,17252.1710428626,109.155700683594,100,9.75569327209736
Latvia,LVA,2019,17294.9751600969,107.602462768555,100,9.758171285122588
Latvia,LVA,2020,17564.2321549354,105.956283569336,100,9.773619849251702
Latvia,LVA,2021,20261.8887788916,105.814010620117,100,9.91649700045097
Latvia,LVA,2022,20221.103686109,104.764526367188,100,9.914482074967557
Latvia,LVA,2023,22710.2637544197,102.126243591309,100,10.030572249053284
Latvia,LVA,2024,23578.9663562625,101.252647399902,100,10.068110337518275
"Macao SAR, China",MAC,2015,69902.9605741233,100.96644295302,100,11.154863281747343
"Macao SAR, China",MAC,2016,68911.6755919628,99.4636678200692,100,11.140580899713198
"Macao SAR, China",MAC,2017,77570.9876166977,97.4219858156028,100,11.258948765345309
"Macao SAR, China",MAC,2018,83588.2875009014,92.7108013937282,100,11.333658687593779
"Macao SAR, China",MAC,2019,81882.6964523869,90.6689895470383,100,11.313042970991498
"Macao SAR, China",MAC,2020,36883.6652578543,88.5771812080537,100,10.515524056079792
"Macao SAR, China",MAC,2021,44884.8961602393,88.5480769230769,100,10.711856628725693
"Macao SAR, China",MAC,2022,36806.891255461,90.2211838006231,100,10.51344036900227
"Macao SAR, China",MAC,2023,67216.3631112124,92.5810397553517,100,11.115671995549006
"Macao SAR, China",MAC,2024,72004.7437020733,94.6616766467066,100,11.184487280578905
Morocco,MAR,2017,3296.52661132813,78.2157249451868,100,8.100624651121448
Morocco,MAR,2018,3501.69799804688,78.470919593794,98.1,8.161003272133136
Morocco,MAR,2019,3508.09765625,79.3440512967066,99.6,8.162829191260244
Morocco,MAR,2020,3268.0302734375,80.3087996541375,100,8.091942719534753
Morocco,MAR,2021,3785.93627929688,80.740396321068,100,8.239048501014024
Morocco,MAR,2022,3463.1376953125,84.4553724029251,100,8.149930305469434
Morocco,MAR,2023,3813.72607421875,87.7346312462207,100,8.246361962453351
Morocco,MAR,2024,4153.1943359375,89.9834863018408,100,8.331633036645623
Monaco,MCO,2016,173604.669723126,153.586303710938,100,12.06453598017337
Monaco,MCO,2024,288001.574856495,158.546615600586,100,12.57072122735485
Moldova,MDA,2015,2749.55137054338,105.06970563726,99.9,7.9191930393679435
Moldova,MDA,2016,2847.08794770479,106.047154912204,99.9,7.9540519781619174
Moldova,MDA,2017,3453.26727720294,94.3536367146469,100,8.147076098739332
Moldova,MDA,2018,4156.44981956646,95.915919225487,100,8.332416580136679
Moldova,MDA,2019,4405.33418162155,95.6507638474012,100,8.390571399652002
Moldova,MDA,2020,4375.7788930524,96.1733374702658,100,8.383839815643466
Moldova,MDA,2021,5274.60582195352,96.5853430388789,100,8.570659229856147
Moldova,MDA,2022,5744.29618434435,97.6136725974109,100,8.655962673525478
Moldova,MDA,2023,6799.58594644576,97.8896863952854,100,8.824616999081748
Moldova,MDA,2024,7578.90216348853,99.3439166347193,100,8.933123634834201
Madagascar,MDG,2015,445.320069480568,36.1207695007324,23.8,6.098793280884405
Madagascar,MDG,2016,453.970714522463,36.0765113830566,22.9,6.118032690503652
Madagascar,MDG,2017,491.866848718929,34.7709486382629,24.1,6.198208047179571
Madagascar,MDG,2018,500.45718552916,34.6266095687665,36.5,6.215522051697948
Madagascar,MDG,2019,499.818837622534,32.8161749019587,31,6.214245708011786
Madagascar,MDG,2021,483.469463351195,34.1320359801924,35.1,6.180988155403887
Maldives,MDV,2015,9644.90655028145,73.441380211737,99.8,9.174185236364064
Maldives,MDV,2016,9947.80744731739,70.014084045724,100,9.205107448816927
Maldives,MDV,2017,10509.628805812,69.7419183184781,99.8,9.26004714505624
Maldives,MDV,2018,11423.2838427029,68.5727820261217,100,9.343408993775306
Maldives,MDV,2019,11740.2724029785,68.0857601310983,100,9.370780296092331
Maldives,MDV,2020,7393.8886543933,69.8982015609094,100,8.908409080469653
Maldives,MDV,2022,11786.0191492983,73.5234576648616,100,9.374669290146098
Maldives,MDV,2023,12587.6126038651,79.3565296847573,100,9.440468482676188
"Middle East, North Africa, Afghanistan & Pakistan",MEA,2015,5130.25978607342,57.3701782226562,93.4360655461117,8.542911577442746
"Middle East, North Africa, Afghanistan & Pakistan",MEA,2016,5130.21030038801,58.2178192138672,95.158764819742,8.542901931552256
"Middle East, North Africa, Afghanistan & Pakistan",MEA,2017,5283.42471158364,58.3111190795898,96.0012431691978,8.572329786055631
"Middle East, North Africa, Afghanistan & Pakistan",MEA,2018,5550.31969384997,59.3685111999512,94.9706861712285,8.62161080757701
"Middle East, North Africa, Afghanistan & Pakistan",MEA,2019,5416.06362418233,60.1695289611816,96.0087072984601,8.597124561971842
"Middle East, North Africa, Afghanistan & Pakistan",MEA,2020,4749.14341262891,60.7267608642578,96.2621204422818,8.465719546583136
"Middle East, North Africa, Afghanistan & Pakistan",MEA,2021,5622.19134191977,61.3739013671875,96.4166690553693,8.63447678538034
"Middle East, North Africa, Afghanistan & Pakistan",MEA,2022,6436.74030312288,62.4220314025879,95.8637945014964,8.769777526842748
"Middle East, North Africa, Afghanistan & Pakistan",MEA,2023,6144.70308054742,64.1539916992188,96.4226367435274,8.723345701963321
"Middle East, North Africa, Afghanistan & Pakistan",MEA,2024,6275.43469598207,65.7879486083984,96.7736884722286,8.744398035860725
Mexico,MEX,2015,10021.2386113616,100.982269287109,99,9.21246198090763
Mexico,MEX,2016,9097.92397674769,102.871368408203,99.5,9.115801532054995
Mexico,MEX,2017,9649.27816729586,105.11018371582,100,9.174638390218783
Mexico,MEX,2018,10084.7937570364,105.964653015137,99.5,9.21878399971181
Mexico,MEX,2019,10369.5553593527,105.515609741211,99.6,9.246629422710543
Mexico,MEX,2020,8841.27074929751,102.58154296875,99.4,9.087185895221191
Mexico,MEX,2021,10314.0506733708,98.3202514648438,100,9.241262387665618
Mexico,MEX,2022,11405.7940469896,98.3576583862305,100,9.341876755003366
Mexico,MEX,2023,13830.843848864,102.055458068848,99.7,9.534656438622722
Mexico,MEX,2024,13988.0423745241,103.093322753906,99.8,9.545958127526983
Marshall Islands,MHL,2015,3764.34426229508,83.1655992680695,92.1,8.233328958344115
Marshall Islands,MHL,2016,4229.80988911945,84.9683299860961,92.7,8.349912327559757
Marshall Islands,MHL,2019,5292.33985502306,92.6458959354737,96.8,8.574015743698697
Marshall Islands,MHL,2020,5661.96787336674,92.9692504804612,98.3,8.641526791577107
Marshall Islands,MHL,2021,6315.31172190393,94.7273914462945,99.8,8.750732395704711
Marshall Islands,MHL,2022,6455.6603538189,91.7037811279297,100,8.772712599182173
Marshall Islands,MHL,2023,6799.39217554794,89.551989301237,100,8.824588501220203
Marshall Islands,MHL,2024,7590.28443592202,85.7558637219654,97.2,8.934624344776042
Middle income,MIC,2015,4597.60474958281,75.5099182128906,89.6952302950203,8.433290740249987
Middle income,MIC,2016,4598.01556540424,75.8787307739258,90.7202018281775,8.433380090572777
Middle income,MIC,2017,4970.75305971396,75.5810470581055,91.7393285084935,8.511326628681724
Middle income,MIC,2018,5231.9314869653,76.4622573852539,92.8753397189939,8.562535798052307
Middle income,MIC,2019,5333.00944959533,77.0252304077148,93.2550308654154,8.581670982508902
Middle income,MIC,2020,5110.03730012152,77.8046035766602,93.6017586619471,8.538961982607805
Middle income,MIC,2021,5980.00050387597,78.8162002563477,94.8051776493539,8.69617593120487
Middle income,MIC,2022,6209.92727259514,79.2273635864258,94.8234868349066,8.73390446352161
Middle income,MIC,2023,6342.84660727863,79.09912109375,95.1313255374831,8.755082938348993
Middle income,MIC,2024,6507.45727213279,79.1449584960938,95.4429311855908,8.78070407090522
North Macedonia,MKD,2015,5262.68671928674,84.9836273193359,99.9,8.568396958460816
North Macedonia,MKD,2017,5955.2973863451,84.6865386962891,100,8.69203641947534
North Macedonia,MKD,2018,6713.98925398989,83.3533935546875,99.8,8.811948577001
North Macedonia,MKD,2019,6718.85826635458,82.5312805175781,100,8.81267351824232
North Macedonia,MKD,2020,6659.59651070776,82.4416732788086,100,8.803814177721337
North Macedonia,MKD,2021,7620.80296977508,84.1619567871094,100,8.93863701973987
North Macedonia,MKD,2022,7606.2375253797,91.4516372680664,100,8.936723916685809
North Macedonia,MKD,2023,8674.35846327485,90.0724868774414,100,9.0681266497202
Mali,MLI,2015,838.11986940103,38.9892238642006,37.6,6.731161132497182
Mali,MLI,2016,872.468587171653,40.0999948578594,38.8,6.771326650186792
Mali,MLI,2017,924.057531692284,38.5485805738327,34.8,6.8287743334396165
Mali,MLI,2018,996.379292136901,37.9832691019192,50.9,6.904128000491313
Mali,MLI,2023,1042.44223444837,38.9389470920545,54.5,6.949321541536649
Malta,MLT,2015,25529.6693210673,93.432373046875,100,10.147596557588672
Malta,MLT,2016,26459.0644285369,92.2248611450195,100,10.18335407908983
Malta,MLT,2017,30317.2611769875,99.5694808959961,100,10.319472505101965
Malta,MLT,2018,33382.280781103,100.396072387695,100,10.415780522655796
Malta,MLT,2019,32421.9087471186,100.816368103027,100,10.386589669161706
Malta,MLT,2020,31823.422001724,100.112777709961,100,10.367957838589827
Malta,MLT,2021,38078.0064279067,101.402908325195,100,10.547392135326545
Malta,MLT,2022,35658.8318250199,101.95467376709,100,10.481752132187898
Malta,MLT,2023,40932.5238774461,103.027229309082,100,10.619680230850584
Myanmar,MMR,2016,1229.19713515893,67.7588500976562,55.6,7.114116499598659
Myanmar,MMR,2017,1272.82241830603,72.3457412719727,69.8,7.148992090245294
Myanmar,MMR,2018,1298.21310320785,77.0191497802734,66.1,7.168744061914515
Montenegro,MNE,2015,6421.00005731419,91.863410949707,99.5,8.767329156720102
Montenegro,MNE,2016,6968.01202883651,90.5575180053711,99.6,8.849085244827707
Montenegro,MNE,2017,7674.2856571219,90.6022262573242,100,8.945630494133113
Montenegro,MNE,2018,8673.59469069858,91.4442672729492,100,9.068038596383882
Montenegro,MNE,2019,8749.25629734676,91.84033203125,100,9.076723981150474
Montenegro,MNE,2020,7555.48699036321,92.3578720092773,99.9,8.930029331975978
Montenegro,MNE,2021,9315.86435643142,93.1638412475586,99.8,9.139474070618219
Montenegro,MNE,2022,10038.1849482517,92.1609725952148,100,9.214151594856032
Montenegro,MNE,2023,12258.1600477339,93.8724975585938,100,9.41394712055482
Mongolia,MNG,2018,4107.64288528468,91.2949725153641,98.1,8.3206046357421
Mongolia,MNG,2019,4347.54610314873,88.7463471502002,98.9,8.377366850691757
Mongolia,MNG,2020,4001.25193077703,95.3826370696027,99.5,8.294362573827419
Mongolia,MNG,2021,4517.61578018785,98.3276220923038,100,8.415739651399244
Mongolia,MNG,2022,4993.51487463495,93.5508272676123,100,8.515895324478182
Mongolia,MNG,2023,5838.63108083902,96.8181201904352,100,8.672251644379449
Mozambique,MOZ,2015,610.563774706589,34.5285606384277,24,6.414382751168728
Mozambique,MOZ,2017,470.93856305196,37.2411918640137,24.3,6.154727646128334
Mauritania,MRT,2015,1558.84205473416,31.196307538775,39.5,7.351698552016565
Mauritania,MRT,2016,1568.00551190332,32.187587041888,41.2,7.357559716148639
Mauritania,MRT,2017,1617.93401542267,31.7565696757394,42.9,7.388905315218657
Mauritania,MRT,2018,1723.37809442655,35.5293425627344,43.6,7.452041652052116
Mauritania,MRT,2019,1767.072710621,37.5793709898761,44.9,7.477079620664377
Mauritania,MRT,2020,1795.72437324423,36.0277030077074,45.4,7.493163770071643
Mauritius,MUS,2015,9630.5437837507,93.9681984718368,99.6,9.172694970877131
Mauritius,MUS,2016,10095.1225574156,94.4362545563892,99.7,9.21980767108093
Mauritius,MUS,2017,10986.7034093005,92.5403344955972,99.6,9.304441039642834
Mauritius,MUS,2018,11818.7480619272,91.4171358592572,99.8,9.377442368423862
Mauritius,MUS,2019,11568.2533399824,93.1354968676317,100,9.356019844226378
Mauritius,MUS,2020,9135.84773751062,89.5019998431496,99.5,9.119961265547476
Mauritius,MUS,2024,11990.9355434317,90.7246586359898,100,9.391906271952735
Malawi,MWI,2015,539.605363240686,39.7291461793841,10.8,6.2908380635738395
Malawi,MWI,2016,450.506105510719,38.1843681335449,11,6.110371629699549
Malawi,MWI,2017,495.769683367165,39.6154222954854,12.7,6.206111470831916
Malawi,MWI,2018,533.202567189331,38.8324397802949,18,6.278901402976629
Malawi,MWI,2019,580.889139762475,35.5212672502146,11.2,6.364559929286583
Malawi,MWI,2020,602.507478176106,41.4565075090498,11.5,6.401100077198333
Malawi,MWI,2021,617.446994451007,35.8885917563293,14.2,6.425593225872022
Malawi,MWI,2022,604.269740360317,35.5084899925617,14,6.404020688243706
Malawi,MWI,2023,633.214767978695,36.644092994481,15.6,6.45080965050604
Malaysia,MYS,2015,9648.6797937523,81.5115814208984,99.9,9.17457637603625
Malaysia,MYS,2016,9476.53409809923,79.8283920288086,99.9,9.156573926934232
Malaysia,MYS,2017,9862.54806612235,78.8863677978516,100,9.196499838766826
Malaysia,MYS,2018,10901.8019954421,74.4872817993164,100,9.296683375236038
Malaysia,MYS,2019,10920.191763972,75.3229827880859,100,9.298368809948004
Malaysia,MYS,2020,9957.52626697613,73.2459411621094,100,9.206083952961045
Malaysia,MYS,2021,10903.1037480772,74.9618181140898,100,9.29680277521437
Malaysia,MYS,2022,11754.5678336248,78.8341986282999,100,9.371997195825758
Malaysia,MYS,2023,11386.0395636528,79.4472788704033,100,9.340143284268104
Malaysia,MYS,2024,11874.4273684245,80.2757406864183,100,9.382142406133784
North America,NAC,2015,55534.4614029189,98.8671875,100,10.924759033218347
North America,NAC,2016,56416.7892083026,99.8768997192383,100,10.940522074186227
North America,NAC,2017,58555.9003870103,100.074882507324,100,10.977737139132165
North America,NAC,2018,61228.2000482629,100.359298706055,100,11.022363147473898
North America,NAC,2019,63306.810223782,101.014846801758,100,11.055748188818907
North America,NAC,2020,62319.8671337986,101.317161560059,100,11.040035548542976
North America,NAC,2021,69532.9041926862,101.828498840332,100,11.149555361136144
North America,NAC,2022,75769.6975468613,98.3612213134766,100,11.235453723190664
North America,NAC,2023,79647.6390981082,97.7877426147461,100,11.285367673946077
North America,NAC,2024,82808.120496409,98.0855178833008,100,11.324281409192576
Namibia,NAM,2015,4774.10650865775,78.2608012276393,51.6,8.470962116800253
Namibia,NAM,2016,4395.68776162376,79.2606097203135,49.7,8.388379285162827
Namibia,NAM,2017,5143.96072323076,79.5334606379175,52.5,8.545578630435498
Namibia,NAM,2018,5308.60813408705,78.8626899009705,52.3,8.577084958235245
Namibia,NAM,2019,4731.9210318831,79.0125016773938,53.3,8.462086536853176
Namibia,NAM,2020,3878.58982993966,82.8872992484077,52.3,8.263226920663014
Namibia,NAM,2021,4412.8355693052,83.3329528489539,55.2,8.392272748050816
Namibia,NAM,2022,4349.79908493314,81.8163691171532,56.2,8.377884935644369
Namibia,NAM,2023,4225.99102418102,81.6173009252032,56.7,8.349009074222261
Namibia,NAM,2024,4501.84849548225,81.9566828199727,59.3,8.412243368186562
Niger,NER,2015,485.662574175279,19.6922012498743,16.6,6.185514090947897
Niger,NER,2016,499.910520068193,22.6700395113082,17,6.214429122543351
Niger,NER,2017,529.929418934868,23.7611505662509,17.6,6.27274382585701
Niger,NER,2023,647.930108509567,21.5605140503495,20.1,6.473782833296942
Niger,NER,2024,729.856664168989,19.8664761204349,21.3,6.592848164409723
Nigeria,NGA,2015,2585.73360671797,43.8246917724609,52.5,7.857764540382057
Nigeria,NGA,2016,2070.4127339595,39.3068084716797,59.3,7.635503254770424
Nigeria,NGA,2018,2057.87944554011,40.4885292053223,56.5,7.629431336223453
Nigeria,NGA,2020,2797.184580679,44.1220893859863,55.4,7.936368683401748
Nigeria,NGA,2021,2787.48779220991,45.444938659668,59.5,7.932896036282519
Nigeria,NGA,2023,2138.76383718757,46.8931503295898,61.2,7.667983294940036
Nicaragua,NIC,2023,2609.44491147975,70.1749572753906,88.3,7.866892800103687
Netherlands,NLD,2015,45793.8135434697,114.137916564941,100,10.73190428550867
Netherlands,NLD,2016,46808.5291492503,112.994277954102,100,10.753820712079664
Netherlands,NLD,2017,49513.6817346384,115.225227355957,100,10.810004309045267
Netherlands,NLD,2018,53955.0770024266,114.50032043457,100,10.895907071956978
Netherlands,NLD,2019,53554.9007491475,114.804168701172,100,10.888462588946103
Netherlands,NLD,2020,53467.9277413737,136.284164428711,100,10.886837271653585
Netherlands,NLD,2021,60141.9880911492,135.962173461914,100,11.004463513713938
Netherlands,NLD,2022,59123.318556487,138.767501831055,100,10.987380686598927
Netherlands,NLD,2023,63515.6030780019,137.514724731445,100,11.059040872460928
Norway,NOR,2015,77220.9524311414,115.210121154785,100,11.25442610373778
Norway,NOR,2016,73222.4006864905,116.611267089844,100,11.201256673441986
Norway,NOR,2017,78771.2151264554,117.301460266113,100,11.274302918837817
Norway,NOR,2018,85579.0776455494,117.714706420898,100,11.357196112225761
Norway,NOR,2019,79329.3075190012,119.421340942383,100,11.281362917139095
Norway,NOR,2020,71057.5879471399,119.941543579102,100,11.171245925108394
Norway,NOR,2021,96442.5552173002,119.816871643066,100,11.476702827353693
Norway,NOR,2022,113122.130765691,119.442527770996,100,11.636223317283365
Norway,NOR,2023,90984.4087141111,117.775093078613,100,11.418443438007879
Norway,NOR,2024,89888.9535204758,116.254272460938,100,11.406330337720568
Nepal,NPL,2015,875.543635474862,68.6131210327148,82,6.77484499111767
Nepal,NPL,2016,877.256454696737,71.7744979858398,90.7,6.776799372312274
Nepal,NPL,2017,1034.28374906846,74.4113311767578,86.6,6.941464436250713
Nepal,NPL,2019,1203.14294706401,80.2800521850586,89.9,7.092692534405107
Nepal,NPL,2020,1154.21517578318,85.3101577758789,89.9,7.051175890503701
Nepal,NPL,2021,1252.75076731986,83.9220209713597,89.9,7.133097026348016
Nepal,NPL,2022,1385.91066002922,84.1026475876285,91.3,7.234112718818911
Nepal,NPL,2023,1382.38300895424,89.8898815141438,94,7.231564106997868
Nepal,NPL,2024,1460.28237984149,90.3878462155916,97.9,7.286385106851251
Naoero,NRU,2016,8748.15632605428,78.6677169799805,99.7,9.076598251556321
Naoero,NRU,2019,10801.7705659635,86.1130981445312,100,9.287465340968323
Naoero,NRU,2020,10709.068810538,80.2433776855469,100,9.278846213867018
Naoero,NRU,2022,15309.8345351924,92.7814636230469,100,9.63625068096383
Naoero,NRU,2023,13602.6372112893,90.1002502441406,100,9.518018965520328
Naoero,NRU,2024,14048.163961344,91.5133521769495,100,9.55024698731476
New Zealand,NZL,2015,38648.7302562109,114.889991760254,100,10.562269201113974
New Zealand,NZL,2016,40088.3205470499,113.687911987305,100,10.598840312692452
New Zealand,NZL,2017,42912.1537002148,112.943313598633,100,10.666910367828692
New Zealand,NZL,2018,43204.1305124872,112.411079406738,100,10.673691383376484
New Zealand,NZL,2019,42872.2681243427,120.266319274902,100,10.665980465221716
New Zealand,NZL,2020,42054.6743136586,116.893188476562,100,10.64672582007119
New Zealand,NZL,2021,49902.154346032,117.595428466797,100,10.817819454074845
New Zealand,NZL,2022,49141.6316294227,114.774932861328,100,10.802461849215895
New Zealand,NZL,2023,49302.341876493,113.395988464355,100,10.80572686146835
New Zealand,NZL,2024,49432.3626396797,114.231056213379,100,10.80836060284596
OECD members,OED,2015,35931.9232791311,105.414848327637,99.8393576230718,10.489381407178476
OECD members,OED,2016,36407.3771727139,105.75074005127,99.8959369290422,10.50252670267018
OECD members,OED,2017,37802.8422452392,106.676597595215,99.9408589463576,10.540139570453922
OECD members,OED,2018,39756.7556647363,106.449279785156,99.8987530248709,10.590535059471806
OECD members,OED,2019,39940.835037623,106.633491516113,99.940072384951,10.595154514052778
OECD members,OED,2020,38947.5669905773,106.394569396973,99.9329793160221,10.56997158440763
OECD members,OED,2021,43495.5049948213,106.182838439941,100,10.680412878285123
OECD members,OED,2022,44455.8357743973,105.27172088623,100,10.702251520837343
OECD members,OED,2023,47135.6137232065,105.286712646484,99.922945762566,10.760784124286621
OECD members,OED,2024,48881.8109051634,105.364547729492,99.9247308566563,10.797160641137193
Oman,OMN,2015,18808.3077921839,101.932699190524,100,9.842053955046863
Oman,OMN,2016,17110.1897460545,102.304902141834,100,9.747429456599997
Oman,OMN,2017,17820.0661809335,101.678019833334,100,9.788080414875003
Oman,OMN,2018,19901.7615642016,103.951581913667,100,9.898563527608998
Oman,OMN,2019,19180.1864152801,102.141469011215,100,9.861633067643591
Oman,OMN,2020,16784.8630630058,94.5432460924967,100,9.728232751085104
Oman,OMN,2021,19403.4600160211,94.287268445183,100,9.873206680490004
Oman,OMN,2022,23223.5829405935,91.9645458184777,100,10.052923547422028
Oman,OMN,2024,20285.2272765262,95.1220397949219,100,9.917648179744713
Other small states,OSS,2015,10359.1167773921,69.0968704223633,86.4520330481869,9.245622259031737
Other small states,OSS,2016,10813.3811118925,69.7680816650391,87.8544041310444,9.288539638037221
Other small states,OSS,2017,11950.9760651787,70.7697982788086,89.3280026877149,9.388568233118553
Other small states,OSS,2018,13026.838449762,71.6059188842773,90.472453074168,9.474767004435591
Other small states,OSS,2019,12908.1967698249,72.4561386108398,91.8035513133262,9.465617797076805
Other small states,OSS,2020,11772.0946960495,72.9210891723633,92.8384985004429,9.373487153497827
Other small states,OSS,2021,13718.3632503913,73.3428726196289,93.8560728212473,9.52649059754476
Other small states,OSS,2022,14326.3081658507,73.5171127319336,93.9605317818207,9.569852857891712
Pakistan,PAK,2015,1380.47020838317,34.6741466548496,91,7.230179450828166
Pakistan,PAK,2016,1424.69161195897,35.8643246680809,91.8,7.26171065662178
Pakistan,PAK,2017,1519.23459514248,35.3224248744451,92.7,7.3259619311861925
Pakistan,PAK,2018,1569.33814626355,37.1466063259079,93.4,7.35840924657028
Pakistan,PAK,2019,1390.41690981745,38.7511552822907,93.9,7.237358916273659
Pakistan,PAK,2021,1455.31922370186,40.2578898404389,94.9,7.282980553274667
Pakistan,PAK,2022,1538.3228133171,40.4177656413012,95,7.338448019665027
Pakistan,PAK,2023,1360.32417758419,42.2911451386891,95.6,7.2154783161961955
Pakistan,PAK,2024,1479.47755241191,48.2805022055997,95.7,7.299444299310096
Panama,PAN,2015,14082.6548502728,76.5946807861328,91.6,9.552699166644704
Panama,PAN,2016,14832.3611608191,82.601448059082,92.4,9.60456663761834
Panama,PAN,2017,15694.6297454295,76.5998992919922,93.7,9.661073878391196
Peru,PER,2015,6231.71150338894,100.251571655273,93.9,8.737406293698061
Peru,PER,2016,6217.03599995447,102.150123596191,94.2,8.735048544819481
Peru,PER,2017,6736.16693725487,101.044578552246,94.8,8.815246338461698
Peru,PER,2018,6978.49121548627,99.8580093383789,95.2,8.85058801415107
Peru,PER,2019,7037.00803692604,99.5297164916992,95.6,8.858938364061398
Peru,PER,2020,6133.32552410183,100.138702392578,96.2,8.72149238168389
Peru,PER,2021,6828.53422535638,101.589141845703,95.6,8.828865321239824
Peru,PER,2022,7353.74598721667,103.591468811035,96.2,8.902965120500008
Peru,PER,2023,7919.04634828547,111.395393371582,96.2,8.97702606698852
Peru,PER,2024,8526.29665719783,108.289047241211,96.5,9.050910391136666
Philippines,PHL,2015,2909.85818010301,82.0085254812081,89.1,7.975859623618142
Philippines,PHL,2016,2985.19564024046,82.7837574272484,92,8.001420564798059
Philippines,PHL,2017,3038.12124959289,80.9227600097656,93,8.01899459335103
Philippines,PHL,2018,3168.51036609727,79.3622469757001,94.2,8.06101684036853
Philippines,PHL,2019,3400.78949767074,85.3821865979599,95.3,8.131762888846074
Philippines,PHL,2020,3227.57910235199,87.9419879481158,96.4,8.079487631282424
Philippines,PHL,2021,3484.38593882819,85.8666475631511,97.5,8.156047106472293
Philippines,PHL,2022,3548.06930572116,92.291271176651,94.8,8.17415887698197
Philippines,PHL,2023,3804.08274131718,91.5493424610693,98,8.243830174563634
Philippines,PHL,2024,3985.29464669706,85.2945085684493,94.8,8.290366527436277
Palau,PLW,2020,14556.30954221,160.800003051758,100,9.585779824115312
Palau,PLW,2021,13267.4877340719,102.280826799715,100,9.49307179019225
Palau,PLW,2022,13934.951996171,89.0526315789474,100,9.542155495071292
Palau,PLW,2023,15578.3497630733,97.286012526096,100,9.653637393601274
Palau,PLW,2024,18169.0767165866,95.7270847691247,100,9.807476346482574
Papua New Guinea,PNG,2018,2566.36833735041,44.5501121213216,16.6,7.8502470802170405
Papua New Guinea,PNG,2019,2575.77274140393,46.2668456486691,23.6,7.853904861827813
Papua New Guinea,PNG,2020,2429.61134585269,44.5528199220061,20.5,7.795486583564515
Papua New Guinea,PNG,2021,2607.97769973161,45.848952374731,20.9,7.866330372293579
Papua New Guinea,PNG,2023,2966.06455045333,52.0929750873194,20.5,7.994991285931498
Poland,POL,2015,12637.5220324406,109.41478729248,100,9.444425606744861
Poland,POL,2016,12464.0121044827,109.117248535156,100,9.430600739265602
Poland,POL,2017,13913.3415190124,109.45922088623,100,9.540603480296335
Poland,POL,2018,15658.210586693,110.541938781738,100,9.658750696521182
Poland,POL,2019,15874.5220531254,109.753303527832,100,9.672470716417932
Poland,POL,2020,16150.9304813473,112.576263427734,100,9.689732941935231
Poland,POL,2021,18635.5104895754,110.52970123291,100,9.832824205666153
Poland,POL,2022,18891.2121169279,108.48217010498,100,9.84645212555858
Poland,POL,2023,22145.2660647429,108.386131286621,100,10.005379030949513
Poland,POL,2024,25103.565661423,107.881309509277,100,10.130765173254584
Pre-demographic dividend,PRE,2015,1526.04099231967,41.0218086242676,40.116553542693,7.330432074078413
Pre-demographic dividend,PRE,2016,1318.65578321566,40.8002815246582,44.6703060990128,7.184368150665049
Pre-demographic dividend,PRE,2017,1341.55710823713,41.44580078125,44.3558795540309,7.2015862393935235
Pre-demographic dividend,PRE,2018,1452.10811367974,42.028450012207,47.1030867324641,7.280771651069969
Pre-demographic dividend,PRE,2019,1682.64777483043,42.8458595275879,47.5849028108597,7.428123888170438
Pre-demographic dividend,PRE,2020,1497.18872625076,43.6063117980957,48.3815278923719,7.3113444461133055
Pre-demographic dividend,PRE,2021,1594.39804852433,44.1695289611816,50.5123491097242,7.374251544941695
Pre-demographic dividend,PRE,2022,1769.1914721872,44.3046188354492,51.0976149094662,7.478277925830621
Pre-demographic dividend,PRE,2023,1559.36615928619,44.6065711975098,52.5242986079524,7.352034709528183
Pre-demographic dividend,PRE,2024,1372.7115352549,44.7690887451172,54.321949964552,7.224543285555081
Puerto Rico (US),PRI,2015,29242.041465085,99.0586395263672,100,10.28336272897395
Puerto Rico (US),PRI,2016,29978.0889268918,86.821891784668,100,10.308222024691231
Puerto Rico (US),PRI,2018,30679.9181934488,88.8774795532227,100,10.331363589032032
Puerto Rico (US),PRI,2023,36980.7653928068,110.409713745117,100,10.518153202206829
Puerto Rico (US),PRI,2024,39353.2242360643,81.4824139700154,100,10.580333187872965
Portugal,PRT,2015,19215.7813014347,116.804588317871,100,9.863487163188946
Portugal,PRT,2016,19980.2808866516,115.488418579102,100,9.902501110494697
Portugal,PRT,2017,21442.3842768879,117.235328674316,100,9.973124815946102
Portugal,PRT,2018,23541.1401075289,118.28833770752,100,10.066504812416667
Portugal,PRT,2019,23343.3628970034,119.519371032715,100,10.058067978452309
Portugal,PRT,2020,22299.4044062173,118.68286895752,100,10.012315248850163
Portugal,PRT,2021,24711.4510062111,118.984870910645,100,10.1150220186755
Portugal,PRT,2022,24620.5197587181,120.926139831543,100,10.11133551075517
Portugal,PRT,2023,27634.6183139773,120.347076416016,100,10.226824552483082
Paraguay,PRY,2016,5775.1596339946,81.8651046483746,98.4,8.6613211772581
Paraguay,PRY,2020,5365.47220721191,85.6669309236136,99.7,8.58773966744731
Paraguay,PRY,2021,5974.9057185863,84.787987118923,100,8.695323597359117
Paraguay,PRY,2022,6189.10205375331,82.3071472143291,100,8.730545291141835
Paraguay,PRY,2023,6303.26495017292,79.7518585422984,99.8,8.748823024195707
Paraguay,PRY,2024,6456.60723068562,79.130561391101807,99.8,8.77285926232437
West Bank and Gaza,PSE,2015,3272.15432360708,88.3909219114319,99.9,8.093203861526998
West Bank and Gaza,PSE,2016,3527.61382413178,88.6612882360835,100,8.168376950855361
West Bank and Gaza,PSE,2017,3620.36048715937,89.7461522132674,99.9,8.194328881950074
West Bank and Gaza,PSE,2018,3562.33094270256,89.6454662001111,100,8.178170368770914
West Bank and Gaza,PSE,2019,3656.85827137011,90.3135207321564,100,8.20435966196225
West Bank and Gaza,PSE,2020,3233.56863835858,90.2544056722155,100,8.081341647925488
West Bank and Gaza,PSE,2021,3678.63565662194,91.0094011735985,100,8.210297216936711
West Bank and Gaza,PSE,2022,3799.95527015163,90.1364802874113,100,8.24274457463247
West Bank and Gaza,PSE,2023,3607.41611858821,89.1210984011759,100,8.190747038427094
Pacific island small states,PSS,2015,3761.06673610832,73.1618881225586,78.5477895035505,8.232457902558673
Pacific island small states,PSS,2016,3898.87961923979,73.2385635375977,79.9083422592839,8.26844451372776
Pacific island small states,PSS,2017,4147.00368611764,73.3907470703125,82.1041734677982,8.330141349109656
Pacific island small states,PSS,2018,4295.18182253285,73.5472793579102,82.69782730903,8.365249167057323
Pacific island small states,PSS,2019,4185.0758997627,73.7306671142578,84.3434350882329,8.339280118903131
Pacific island small states,PSS,2020,3632.52907231285,73.7883224487305,86.1939811336602,8.197684398802046
Pacific island small states,PSS,2021,3646.98862815783,74.7895202636719,85.6708178235478,8.20165707266777
Pacific island small states,PSS,2022,3941.90128416234,79.3243865966797,85.6038100577211,8.279418445329686
Pacific island small states,PSS,2023,4199.64948077192,84.1793899536133,88.8705713618501,8.342756343829667
Pacific island small states,PSS,2024,4528.48364572376,83.7621612548828,88.2672275917394,8.418142426397145
Post-demographic dividend,PST,2015,40960.9089975197,105.744827270508,99.9447341377698,10.620373451789401
Post-demographic dividend,PST,2016,41720.329677393,105.599746704102,99.9577816305613,10.638743811226176
Post-demographic dividend,PST,2017,43356.99969696,105.74494934082,99.971122525168,10.677223438538618
Post-demographic dividend,PST,2018,45787.7299792029,105.111068725586,99.9821600556642,10.73177142982527
Post-demographic dividend,PST,2019,46125.7453007656,105.30248260498,99.9932424627619,10.739126539494466
Post-demographic dividend,PST,2020,45174.5036479433,105.267570495605,99.9972400773978,10.71828812808282
Post-demographic dividend,PST,2021,50433.5519322417,105.331413269043,99.9988344208097,10.828411945512197
Post-demographic dividend,PST,2022,51597.0182783268,104.075889587402,100,10.851219164496275
Post-demographic dividend,PST,2023,54507.2154710128,103.410873413086,100,10.906088365851566
Post-demographic dividend,PST,2024,56385.0585145595,103.438346862793,100,10.939959482434041
Qatar,QAT,2015,68985.2946961507,101.946830749512,100,11.141648640520387
Qatar,QAT,2016,61253.6375482797,97.44147524298,100,11.022778515186886
Qatar,QAT,2017,63279.8556949332,101.989694099425,100,11.055322322017526
Qatar,QAT,2018,71039.8490579352,102.15490140040001,100,11.170996252916261
Qatar,QAT,2019,66841.3013484919,105.162567508393,100,11.1100764521262
Qatar,QAT,2020,51683.5054376677,105.869328366077,100,10.852893965832388
Qatar,QAT,2021,71751.8831257169,95.6694483531864,100,11.180969378932048
Qatar,QAT,2022,88701.463352273,102.968360766419,100,11.39303166593242
Qatar,QAT,2023,80195.8746508549,100.136596679688,100,11.292227354262971
Qatar,QAT,2024,75685.0865779973,99.578857421875,100,11.234336413121456
Romania,ROU,2015,8977.01748158196,91.3377075195312,98.8,9.102422977129411
Romania,ROU,2016,9404.54005870715,88.7795104980469,99.1,9.148947836627244
Romania,ROU,2017,10727.9822007426,88.3843231201172,100,9.280610765819814
Romania,ROU,2018,12416.134317959,86.5577163696289,99.8,9.42675206049907
Romania,ROU,2019,12909.6104013244,86.4074096679688,100,9.465727305331441
Romania,ROU,2020,13009.1525348396,86.416877746582,100,9.473408429864481
Romania,ROU,2021,14908.0412813921,86.1970901489258,100,9.609656029671791
Romania,ROU,2022,15503.4691366242,83.0334701538086,100,9.648819093130516
Romania,ROU,2023,18244.4186876321,81.6316070556641,100,9.811614486901306
Russian Federation,RUS,2015,9277.7138671875,96.3292563031308,95.5,9.135370444912384
Russian Federation,RUS,2016,8663.158203125,95.8434944997854,99.4,9.066834623656327
Russian Federation,RUS,2017,10658.9130859375,97.5206298303399,100,9.274151730601806
Russian Federation,RUS,2018,11211.8876953125,99.1831046517789,100,9.324729895762207
Russian Federation,RUS,2019,11447.701171875,100.471744682473,99.8,9.345544217809904
Russian Federation,RUS,2020,10108.3271484375,91.5812884026933,99.9,9.221114833282865
Russian Federation,RUS,2021,12425.029296875,92.171155276901,100,9.427468208859434
Russian Federation,RUS,2022,15625.6328125,92.7729443625069,100,9.656667973784499
Russian Federation,RUS,2023,13986.9951171875,92.4840470838527,100,9.54588325668276
Rwanda,RWA,2015,725.691418696952,39.4099042857311,22.8,6.58712488135122
Rwanda,RWA,2016,721.258515833094,38.506238583342,29.4,6.580997624800224
Rwanda,RWA,2017,751.049039527547,39.6912128982215,34.1,6.621470948603684
Rwanda,RWA,2018,772.754982959354,41.1796940634956,38,6.649962029337413
Rwanda,RWA,2019,823.355304065304,44.0779032495009,46.6,6.713387825697432
Rwanda,RWA,2021,842.581492947672,44.1820840550314,48.7,6.736470385083039
Rwanda,RWA,2022,1007.05989322914,44.1547093958443,50.6,6.914790367840786
Rwanda,RWA,2023,1061.05788154076,45.1251505756161,63.9,6.9670216908873
Rwanda,RWA,2024,1059.93709298801,48.790277194547,72,6.965964839107329
South Asia,SAS,2015,1570.54142452744,72.9351806640625,86.5327784624672,7.359175695279962
South Asia,SAS,2016,1722.90703396273,74.687141418457,88.3184480403398,7.451768279159738
South Asia,SAS,2017,1956.06707563972,73.4670028686523,91.3983728307397,7.578691142256143
South Asia,SAS,2018,1988.36633317988,75.0400314331055,94.8192024055978,7.595068642463758
South Asia,SAS,2019,2067.05975680251,74.9521636962891,95.4698953988653,7.633882469182854
South Asia,SAS,2020,1957.20343709781,77.0081481933594,96.4013617397441,7.579271915543515
South Asia,SAS,2021,2273.72055805692,79.3212738037109,99.3693129133951,7.729172781120425
South Asia,SAS,2022,2326.72890585805,79.9404983520508,99.0895114731934,7.752218657099313
South Asia,SAS,2023,2449.857142451,77.9340286254883,99.4087889697405,7.803784992635052
South Asia,SAS,2024,2601.82209529365,76.874153137207,99.8246424902051,7.863967284441973
Saudi Arabia,SAU,2015,23256.1549553531,102.979200639837,100,10.054325105243393
Saudi Arabia,SAU,2016,22267.7217050387,105.491550199825,99.9,10.010893451696953
Saudi Arabia,SAU,2017,23929.2907135982,106.244903966787,100,10.082858540412923
Saudi Arabia,SAU,2018,29360.0658968566,106.376211565111,99.9,10.287390727169278
Saudi Arabia,SAU,2019,29566.7933827436,104.048257824894,100,10.294407165395246
Saudi Arabia,SAU,2020,24338.8307301067,104.411027399625,100,10.099828326361589
Saudi Arabia,SAU,2021,31920.7653655643,104.280975297041,100,10.371012028894215
Saudi Arabia,SAU,2022,38510.2276211037,122.158039993668,100,10.5586791374927
Saudi Arabia,SAU,2024,35527.786181866,110.66346516974,100,10.478070378654628
Sudan,SDN,2015,1292.37963867188,42.5230712890625,48,7.164240479161954
Sudan,SDN,2016,1033.21594238281,40.9556007385254,50.5,6.94043149120602
Sudan,SDN,2017,966.505676269531,43.0903282165527,53,6.873687171646692
Sudan,SDN,2018,731.027465820313,42.1366996765137,55.3,6.594451031985538
Sudan,SDN,2019,709.975280761719,43.5378608703613,57.6,6.565230153600711
Senegal,SEN,2015,1218.00613555438,50.5380516052246,60.5,7.104970485658123
Senegal,SEN,2019,1431.18128932159,44.4624552560012,70.4,7.2662554586892565
Senegal,SEN,2020,1461.08720350553,44.7866297761573,64.3,7.286936097516032
Senegal,SEN,2021,1598.10676952274,45.1726204964815,68,7.3765749385640325
Senegal,SEN,2022,1574.0281059306,45.3756792066535,67.9,7.361393285190607
Senegal,SEN,2023,1698.03387300843,44.0673682244069,74.2,7.437226315440534
Singapore,SGP,2016,57204.0340105222,107.745868589242,100,10.954379699540622
Singapore,SGP,2017,61436.1325502558,107.472873863465,100,11.025753419067142
Singapore,SGP,2018,67032.8225769734,105.745250914262,100,11.112937667625118
Singapore,SGP,2019,66068.7003106378,104.621987875083,100,11.098450393430989
Singapore,SGP,2020,61772.5036492256,103.115839213946,100,11.031213619667575
Singapore,SGP,2021,80884.8565369236,102.951274385922,100,11.30078189809496
Singapore,SGP,2022,91227.6970426492,103.009804103267,100,11.421113825599319
Singapore,SGP,2023,86382.5900499252,103.082801906213,100,11.366541430435687
Sierra Leone,SLE,2015,964.575980888989,39.8463706970215,19.7,6.87168860673288
Sierra Leone,SLE,2016,844.416411175476,42.1386795043945,20.3,6.738645751094961
Sierra Leone,SLE,2017,779.186007841728,41.5312194824219,23.4,6.658249795085124
Sierra Leone,SLE,2018,845.914540460932,43.119270324707,26.1,6.740418338500136
Sierra Leone,SLE,2019,843.71251730417,61.1980781555176,22.7,6.737811817264169
Sierra Leone,SLE,2020,845.277558236182,62.5606803894043,26.3,6.739665044707714
Sierra Leone,SLE,2021,885.396401613729,73.4251403808594,27.5,6.786035456153492
Sierra Leone,SLE,2023,758.329137301888,86.9079513549805,35.5,6.631117509473353
El Salvador,SLV,2015,3790.34089108162,70.725825383614,95.4,8.240211238908092
El Salvador,SLV,2016,3901.34014965811,68.2966095615156,96,8.269075401208582
El Salvador,SLV,2017,4020.12671373919,66.1074423967185,96.8,8.29906870194694
El Salvador,SLV,2018,4183.54620971358,66.9325713689265,97,8.338914541381254
El Salvador,SLV,2019,4320.11671534627,64.8486537180759,97.4,8.371037698314458
El Salvador,SLV,2020,3997.19279583709,65.1837191291627,99.7,8.293347592683672
El Salvador,SLV,2021,4642.60743101342,64.9813787512946,97.9,8.443031433726683
El Salvador,SLV,2022,5074.60050994225,65.2267824913058,100,8.532003083558864
El Salvador,SLV,2023,5319.7195268688,65.5709865566541,98.3,8.579175860432532
El Salvador,SLV,2024,5503.10317151907,62.1425847697468,98.7,8.613067425115718
San Marino,SMR,2018,47950.7076296808,60.3284671532847,100,10.777928837860268
San Marino,SMR,2019,46626.9998571568,61.0058309037901,100,10.749935048404963
San Marino,SMR,2020,44426.6259613672,61.8604651162791,100,10.701594252496408
San Marino,SMR,2021,54168.9744311193,61.0071942446043,100,10.89986359605846
San Marino,SMR,2022,54264.5837022908,61.6779239246356,100,10.901627059281369
San Marino,SMR,2023,59871.3288101478,60.7940446650124,100,10.999953018597894
"Somalia, Fed. Rep.",SOM,2023,596.885985135589,3.34785008430481,50.3,6.391726115481282
Serbia,SRB,2015,5820.3215576888,96.6696090698242,99.9,8.669110789661225
Serbia,SRB,2016,5982.37030126471,96.234733581543,99.9,8.696572139859216
Serbia,SRB,2017,6548.03653824187,95.4950866699219,100,8.78692051853683
Serbia,SRB,2018,7559.86165747394,95.0872421264648,100,8.930608169730212
Serbia,SRB,2019,7755.632986437,94.4721908569336,99.8,8.956174695288947
Serbia,SRB,2020,8098.70955668849,92.2411727905273,100,8.999460013979633
Serbia,SRB,2021,9680.52798074468,92.3795013427734,100,9.177871722248542
Serbia,SRB,2022,10024.8191112596,91.9540023803711,100,9.212819208247351
Serbia,SRB,2024,13677.7794863909,89.8402786254883,100,9.52352785975523
Sub-Saharan Africa (excluding high income),SSA,2015,1646.07300085129,42.8740081787109,39.1909298102007,7.406147730709996
Sub-Saharan Africa (excluding high income),SSA,2016,1455.29231657117,42.51953125,43.8232546101961,7.282962064286825
Sub-Saharan Africa (excluding high income),SSA,2017,1547.77467837023,42.9003982543945,43.7549547695956,7.344573486946903
Sub-Saharan Africa (excluding high income),SSA,2018,1621.1285196776,43.1944885253906,46.4094139121308,7.390877802786312
Sub-Saharan Africa (excluding high income),SSA,2019,1795.55378673641,44.0311317443848,47.1889611753106,7.493068769628709
Sub-Saharan Africa (excluding high income),SSA,2020,1627.39235037313,44.7030181884766,48.5365084034364,7.394734227731127
Sub-Saharan Africa (excluding high income),SSA,2021,1784.88774854725,45.3279190063477,50.6485899183237,7.487110806268407
Sub-Saharan Africa (excluding high income),SSA,2022,1863.26040059117,45.4329109191895,51.5030975279241,7.5300831357084785
Sub-Saharan Africa (excluding high income),SSA,2023,1680.66097936273,45.7063407897949,53.2463204690134,7.426942435116907
Sub-Saharan Africa (excluding high income),SSA,2024,1541.07573422834,45.9034194946289,55.1061307522528,7.340235980269744
South Sudan,SSD,2015,1080.14718624765,11.5348100662231,4.8,6.984852594395143
Sub-Saharan Africa,SSF,2015,1647.32085826836,42.8760604858398,39.1964738206413,7.4069055249673275
Sub-Saharan Africa,SSF,2016,1456.65211115929,42.5216102600098,43.8283095558868,7.2838960070324426
Sub-Saharan Africa,SSF,2017,1549.18831908585,42.9023704528809,43.7599451875648,7.3454864076469315
Sub-Saharan Africa,SSF,2018,1622.59575329634,43.1964416503906,46.4140889472825,7.391782462736006
Sub-Saharan Africa,SSF,2019,1797.04121765415,44.0328903198242,47.1934897675941,7.49389682344547
Sub-Saharan Africa,SSF,2020,1628.43873346869,44.704761505127,48.5408462612868,7.395377002558593
Sub-Saharan Africa,SSF,2021,1785.98118191144,45.3296394348145,50.6526785971142,7.487723224937173
Sub-Saharan Africa,SSF,2022,1864.70686111925,45.4347686767578,51.5078310982515,7.530859140699468
Sub-Saharan Africa,SSF,2023,1682.2261488119,45.7079315185547,53.2507689805499,7.427873283820733
Sub-Saharan Africa,SSF,2024,1542.65844261619,45.9050216674805,55.1103542559,7.3412624685700045
Small states,SST,2015,10451.9964952878,72.242301940918,87.6813928879402,9.254548291325465
Small states,SST,2016,10492.0492970632,72.9925765991211,88.8486713357501,9.258373039513964
Small states,SST,2017,11319.4921033734,73.5249404907227,90.1550278534803,9.334281483557449
Small states,SST,2018,12064.6886372837,74.0403594970703,90.9647335432231,9.39803817062158
Small states,SST,2019,11997.3036529705,74.8342971801758,92.0919222790738,9.39243720793651
Small states,SST,2020,10730.4939107969,74.8698806762695,93.1195945831784,9.280844865394519
Small states,SST,2021,12435.8612830054,75.2126770019531,93.7468179373385,9.428339616645976
Small states,SST,2022,13644.5029834497,75.5592727661133,93.826993722259,9.52109200766773
Small states,SST,2023,14360.785757405,76.1052169799805,94.7947483488559,9.572256559587457
Small states,SST,2024,15409.264856078,77.5084533691406,94.5704846062365,9.642724221535588
Sao Tome and Principe,STP,2015,1298.10946596396,82.4009170532227,67.3,7.1686642280408845
Sao Tome and Principe,STP,2016,1434.87018050521,83.8791198730469,69.4,7.268829657554485
Sao Tome and Principe,STP,2017,1555.79477812888,90.4435729980469,74.3,7.349741805377325
Suriname,SUR,2015,8813.61705392067,70.1560287475586,95,9.084053196979129
Suriname,SUR,2016,5644.2061057532,71.6250318633699,95.8,8.638384829980152
Suriname,SUR,2018,6665.74180472239,74.745979309082,97.4,8.80473652495258
Suriname,SUR,2019,6629.66775248603,74.4114544472174,97.9,8.799309969177017
Suriname,SUR,2020,4755.39221710693,73.11669921875,98.4,8.467034456773764
Suriname,SUR,2021,5029.84838543953,65.6294708251953,98.8,8.523145120579768
Suriname,SUR,2022,6084.43876736445,78.0214761948254,99,8.71348976901752
Suriname,SUR,2023,5521.97602122638,76.1109237670898,99.6,8.616491050073279
Slovak Republic,SVK,2015,16442.0760860018,91.8957290649414,100,9.70759894324071
Slovak Republic,SVK,2016,16636.0769133073,91.4534378051758,100,9.719328924157434
Slovak Republic,SVK,2017,17645.5298716761,91.2535934448242,100,9.778237765223587
Slovak Republic,SVK,2018,19573.3717031314,91.7815399169922,100,9.881925334928212
Slovak Republic,SVK,2019,19406.0589683582,91.3246917724609,100,9.873340614246928
Slovak Republic,SVK,2020,19735.4858280801,90.813346862793,100,9.890173605380973
Slovak Republic,SVK,2021,22123.3342114545,91.0899124145508,100,10.004388177163943
Slovak Republic,SVK,2022,21317.7943982363,92.2043075561523,100,9.967297420687904
Slovak Republic,SVK,2023,24614.8734642794,92.6436767578125,100,10.111106151585117
Slovak Republic,SVK,2024,25992.6748502048,93.1929931640625,100,10.165570040777842
Slovenia,SVN,2015,20697.2748530619,109.655220031738,100,9.937757320976354
Slovenia,SVN,2016,21447.8377796036,115.216941833496,100,9.973379116459535
Slovenia,SVN,2017,23303.077705959,114.595596313477,100,10.056340721215133
Slovenia,SVN,2018,25888.0481065655,113.556167602539,100,10.161536678113812
Slovenia,SVN,2019,25814.1687167572,111.369567871094,100,10.158678795236376
Slovenia,SVN,2020,25392.0651093612,110.359169006348,100,10.142192006931191
Slovenia,SVN,2021,29192.8401933019,108.17887878418,100,10.281678759330694
Slovenia,SVN,2022,28360.3041467268,107.874809265137,100,10.252745705085271
Slovenia,SVN,2023,32660.4753581346,107.626876831055,100,10.393920921168524
Sweden,SWE,2015,51188.1652120493,137.462966918945,100,10.843263636106574
Sweden,SWE,2016,51703.5088332851,137.561157226562,100,10.853280927309282
Sweden,SWE,2017,53210.2233318965,142.641586303711,100,10.882005824760643
Sweden,SWE,2018,54018.4554391861,140.821746826172,100,10.897081034549574
Sweden,SWE,2019,51648.9892820514,136.641006469727,100,10.85222590576099
Sweden,SWE,2020,52568.5726980146,136.426132202148,100,10.8698737429411
Sweden,SWE,2021,60647.5416365347,138.688186645508,100,11.012834379940378
Sweden,SWE,2022,54836.8907235124,139.406524658203,100,10.91211843483171
Sweden,SWE,2023,54950.2834725622,134.244293212891,100,10.914184118554807
Sweden,SWE,2024,57222.7100565003,131.96354675293,100,10.954706127532543
Eswatini,SWZ,2015,3419.82276559528,76.2872772216797,64.1,8.13734400578844
Eswatini,SWZ,2016,3238.17611961364,82.023935767308,63.4,8.08276552423885
Seychelles,SYC,2015,15333.1051727105,92.0911695105244,100,9.637769506651795
Seychelles,SYC,2016,16566.9946042294,101.712798026857,100,9.715167718244599
Seychelles,SYC,2017,17480.3651911372,112.311212814645,100,9.76883354093278
Seychelles,SYC,2018,18440.2340460932,108.274060095805,100,9.822290189334442
Seychelles,SYC,2019,19141.5118743615,100.825877494838,100,9.8596146521883945
Seychelles,SYC,2020,14041.4754074575,102.18818380744,100,9.549770758059902
Seychelles,SYC,2021,14982.9111487767,102.952278242114,100,9.614665573889853
Seychelles,SYC,2022,16682.6990711785,76.8818747010999,100,9.722127477640987
Seychelles,SYC,2023,18130.5297135548,74.2514404458298,100,9.805352520837506
Seychelles,SYC,2024,18364.5259678223,70.824577331543,100,9.818176146203912
Syrian Arab Republic,SYR,2020,593.911771822527,39.0727806091309,89,6.386730776045325
Syrian Arab Republic,SYR,2021,688.566109726934,39.4595794677734,88.8,6.53461133349654
Syrian Arab Republic,SYR,2022,1056.78264718197,39.6268081665039,89,6.962984332919982
Turks and Caicos Islands,TCA,2015,29457.0140691162,81.0204081632653,100,10.290687329452664
Turks and Caicos Islands,TCA,2016,31373.5612684327,73.9748274462038,100,10.35372081939646
Turks and Caicos Islands,TCA,2017,30014.2309523213,85.01841997544,100,10.309426913246124
Turks and Caicos Islands,TCA,2018,31625.616593277002,95.5051546391753,100,10.361722722860373
Turks and Caicos Islands,TCA,2019,31780.5217068989,91.2056151940545,100,10.366608856157942
Turks and Caicos Islands,TCA,2020,20690.9160546118,91.187270501836,99.4,9.937450044994453
Turks and Caicos Islands,TCA,2021,27329.2885087196,98.0016021728516,100,10.215714245239647
Turks and Caicos Islands,TCA,2022,31280.5418020808,105.9765625,99.9,10.350751515547628
Turks and Caicos Islands,TCA,2023,35470.2151608295,109.841759938248,100,10.476448613743898
Turks and Caicos Islands,TCA,2024,37506.7798431288,119.728975687525,100,10.532276991433676
Chad,TCD,2015,993.990730610869,22.2454248795188,7.7,6.901727881271915
Chad,TCD,2016,861.831767630746,22.530490847167,9.2,6.759060086454947
Chad,TCD,2017,854.46120040098,20.5855678473561,10.9,6.750471095323443
Chad,TCD,2018,948.656629871231,20.0021180694774,10.1,6.855046910028915
Chad,TCD,2019,893.336441643325,20.192877474143,8.4,6.794963264282223
Chad,TCD,2021,946.358500208374,23.1541767734797,11.3,6.852621461542517
Chad,TCD,2023,949.991054236266,24.1941648001316,12,6.856452567956846
Chad,TCD,2024,980.668312111718,23.49298947746,13.4,6.88823429037601
East Asia & Pacific (IDA & IBRD countries),TEA,2015,6664.53447337008,85.2556991577148,97.3350470103173,8.80455538371733
East Asia & Pacific (IDA & IBRD countries),TEA,2016,6758.79473763568,84.6476364135742,97.4026392373466,8.81859985989172
East Asia & Pacific (IDA & IBRD countries),TEA,2017,7323.57112357326,84.9235076904297,98.1121893727336,8.89885334640278
East Asia & Pacific (IDA & IBRD countries),TEA,2018,8136.42934013947,85.7153472900391,98.051229750632,9.004106706756374
East Asia & Pacific (IDA & IBRD countries),TEA,2019,8379.42503514668,87.4709014892578,98.2517291129462,9.033534579564572
East Asia & Pacific (IDA & IBRD countries),TEA,2020,8485.28948088661,88.5766220092773,98.1521712499121,9.046089293867341
East Asia & Pacific (IDA & IBRD countries),TEA,2021,10086.4082581275,89.3585662841797,98.5259377999818,9.218944079521961
East Asia & Pacific (IDA & IBRD countries),TEA,2022,10220.556668162,90.1412811279297,98.5710601814202,9.232156330783342
East Asia & Pacific (IDA & IBRD countries),TEA,2023,10240.3474676862,90.9201583862305,98.7474424069608,9.23409083040904
East Asia & Pacific (IDA & IBRD countries),TEA,2024,10508.2462082104,90.9757614135742,98.8730876053292,9.259915581080083
Europe & Central Asia (IDA & IBRD countries),TEC,2015,8034.6842596255,98.7176971435547,98.3318925466179,8.991522981771082
Europe & Central Asia (IDA & IBRD countries),TEC,2016,7679.02768410566,98.6390914916992,99.6574040765117,8.946248214494727
Europe & Central Asia (IDA & IBRD countries),TEC,2017,8571.09823045668,99.9956512451172,99.9282316965341,9.056151151626194
Europe & Central Asia (IDA & IBRD countries),TEC,2018,8885.56352555245,100.211502075195,99.941528994937,9.092183162950326
Europe & Central Asia (IDA & IBRD countries),TEC,2019,9040.92665915657,100.414009094238,99.9069194604741,9.109516954676653
Europe & Central Asia (IDA & IBRD countries),TEC,2020,8455.78453528889,97.6678695678711,99.9520668153849,9.042606046535854
Europe & Central Asia (IDA & IBRD countries),TEC,2021,9992.00521619821,97.4853134155273,99.9763873001269,9.209540573842729
Europe & Central Asia (IDA & IBRD countries),TEC,2022,11422.1622613514,98.0531005859375,99.9954427619778,9.343310805160622
Europe & Central Asia (IDA & IBRD countries),TEC,2023,12070.5942969794,97.7369766235352,100,9.398527550408811
Europe & Central Asia (IDA & IBRD countries),TEC,2024,13364.4486876078,98.6327209472656,99.9976895300598,9.500353377262622
Togo,TGO,2017,872.076408845752,60.769472220228,48,6.770877044893259
Togo,TGO,2021,1076.29520076949,63.0669365853803,55.7,6.981280053252126
Togo,TGO,2023,1182.32951436696,63.4192515229188,59.2,7.07524193607517
Thailand,THA,2015,5688.85335397884,124.330596923828,99.6,8.646263987300964
Thailand,THA,2016,5833.57715617098,122.563217163086,99.9,8.671385668570714
Thailand,THA,2017,6413.09182530343,79.5062371844027,99.9,8.766096777665318
Thailand,THA,2018,7099.77650081458,80.6045305135668,99.8,8.86781858377543
Thailand,THA,2019,7605.69657797759,81.7206425877734,99.9,8.936652795236206
Thailand,THA,2020,6983.03412836245,82.3668560969625,100,8.85123879018372
Thailand,THA,2021,7055.18760721422,84.6644528199547,100,8.861518456026083
Thailand,THA,2022,6910.00995211206,88.0661686868399,99.9,8.840726357008444
Thailand,THA,2023,7210.54130832685,93.3356315272258,100,8.883299304898669
Thailand,THA,2024,7386.63615126055,92.507325535959,100,8.90742772103754
Tajikistan,TJK,2020,834.311715460625,90.9012072790342,99.5,6.726607092073161
Tajikistan,TJK,2021,896.748053372182,91.2751683038557,99.6,6.798774945651387
Tajikistan,TJK,2022,1052.17949484894,90.888637681585,100,6.958619001223276
Tajikistan,TJK,2023,1178.47990060249,88.4022015902249,100,7.071980667162856
Tajikistan,TJK,2024,1362.02559981695,86.9035257819264,99.9,7.216728282286821
Turkmenistan,TKM,2019,4365.1152919542,84.1078318050495,99.9,8.381399880743722
Turkmenistan,TKM,2020,3935.37749365223,86.8120225282998,100,8.27776208856344
Turkmenistan,TKM,2021,3713.20113171765,89.9339065551758,100,8.219649622308035
Turkmenistan,TKM,2022,5198.18947409551,92.451789855957,100,8.55606566588291
Turkmenistan,TKM,2023,5298.46421949276,102.546752929688,100,8.575172287641776
Turkmenistan,TKM,2024,5904.25772576512,94.6464126735365,100,8.68342901806555
Latin America & the Caribbean (IDA & IBRD countries),TLA,2015,8404.04978849744,95.0402984619141,97.2323920529293,9.036468986328284
Latin America & the Caribbean (IDA & IBRD countries),TLA,2016,8082.0851229591,96.094367980957,97.4280893456675,8.997405177995612
Latin America & the Caribbean (IDA & IBRD countries),TLA,2017,8918.58515585187,96.5330505371094,97.6633402843346,9.095892598178581
Latin America & the Caribbean (IDA & IBRD countries),TLA,2018,8620.65095771156,97.5631637573242,97.7078847938323,9.061915877942376
Latin America & the Caribbean (IDA & IBRD countries),TLA,2019,8363.2081656376,97.6140975952148,97.9522021469941,9.031597384335356
Latin America & the Caribbean (IDA & IBRD countries),TLA,2020,6965.15053129735,97.0555877685547,98.1036683889447,8.848674498514077
Latin America & the Caribbean (IDA & IBRD countries),TLA,2021,8076.87634033776,97.3780975341797,98.2338083621938,8.996760485227009
Latin America & the Caribbean (IDA & IBRD countries),TLA,2022,9177.79711881332,96.9736022949219,98.5448799242171,9.124542489547384
Latin America & the Caribbean (IDA & IBRD countries),TLA,2023,10259.5487208892,97.5160369873047,98.3852491204833,9.23596413343863
Latin America & the Caribbean (IDA & IBRD countries),TLA,2024,10441.4685782421,98.0442428588867,98.0000586906957,9.25354051995775
Timor-Leste,TLS,2015,1319.59297370991,72.9840325557506,67.3,7.18507861477971
Timor-Leste,TLS,2016,1335.54390089814,77.3856943732818,76.5,7.197093904265923
Timor-Leste,TLS,2017,1266.17767952941,81.1665700933061,79.5,7.143757940036006
Timor-Leste,TLS,2018,1219.46598597604,83.0952419040915,85.2,7.106168325488427
Timor-Leste,TLS,2019,1562.36458881813,85.1248242560832,90.6,7.353955714698691
Timor-Leste,TLS,2020,1630.86935439232,84.7410404382553,96,7.396868497875204
Tonga,TON,2015,4123.90347238813,103.261224756552,100,8.324555438555482
Tonga,TON,2019,4788.83350468584,96.0933090863485,98.4,8.474042133541934
Tonga,TON,2020,4792.35872413906,90.4639980016237,99.9,8.474777995954065
Tonga,TON,2021,4922.8015864044,106.143896523848,100,8.50163307555465
Tonga,TON,2022,5298.01942454298,96.996718063038,100,8.575088336216947
Tonga,TON,2023,5651.59357939286,91.8606656320055,100,8.639692833822082
Tonga,TON,2024,6215.38990974121,92.4258049730721,100,8.734783738862086
South Asia (IDA & IBRD),TSA,2015,1570.54142452744,72.9351806640625,86.5327784624672,7.359175695279962
South Asia (IDA & IBRD),TSA,2016,1722.90703396273,74.687141418457,88.3184480403398,7.451768279159738
South Asia (IDA & IBRD),TSA,2017,1956.06707563972,73.4670028686523,91.3983728307397,7.578691142256143
South Asia (IDA & IBRD),TSA,2018,1988.36633317988,75.0400314331055,94.8192024055978,7.595068642463758
South Asia (IDA & IBRD),TSA,2019,2067.05975680251,74.9521636962891,95.4698953988653,7.633882469182854
South Asia (IDA & IBRD),TSA,2020,1957.20343709781,77.0081481933594,96.4013617397441,7.579271915543515
South Asia (IDA & IBRD),TSA,2021,2273.72055805692,79.3212738037109,99.3693129133951,7.729172781120425
South Asia (IDA & IBRD),TSA,2022,2326.72890585805,79.9404983520508,99.0895114731934,7.752218657099313
South Asia (IDA & IBRD),TSA,2023,2449.857142451,77.9340286254883,99.4087889697405,7.803784992635052
South Asia (IDA & IBRD),TSA,2024,2601.82209529365,76.874153137207,99.8246424902051,7.863967284441973
Sub-Saharan Africa (IDA & IBRD countries),TSS,2015,1647.32085826836,42.8760604858398,39.1964738206413,7.4069055249673275
Sub-Saharan Africa (IDA & IBRD countries),TSS,2016,1456.65211115929,42.5216102600098,43.8283095558868,7.2838960070324426
Sub-Saharan Africa (IDA & IBRD countries),TSS,2017,1549.18831908585,42.9023704528809,43.7599451875648,7.3454864076469315
Sub-Saharan Africa (IDA & IBRD countries),TSS,2018,1622.59575329634,43.1964416503906,46.4140889472825,7.391782462736006
Sub-Saharan Africa (IDA & IBRD countries),TSS,2019,1797.04121765415,44.0328903198242,47.1934897675941,7.49389682344547
Sub-Saharan Africa (IDA & IBRD countries),TSS,2020,1628.43873346869,44.704761505127,48.5408462612868,7.395377002558593
Sub-Saharan Africa (IDA & IBRD countries),TSS,2021,1785.98118191144,45.3296394348145,50.6526785971142,7.487723224937173
Sub-Saharan Africa (IDA & IBRD countries),TSS,2022,1864.70686111924,45.4347686767578,51.5078310982515,7.530859140699462
Sub-Saharan Africa (IDA & IBRD countries),TSS,2023,1682.2261488119,45.7079315185547,53.2507689805499,7.427873283820733
Sub-Saharan Africa (IDA & IBRD countries),TSS,2024,1542.65844261619,45.9050216674805,55.1103542559,7.3412624685700045
Trinidad and Tobago,TTO,2023,18308.4536298575,92.9377899169922,98.7,9.8151181791516
Trinidad and Tobago,TTO,2024,18733.4110406494,95.6815649255588,100,9.83806389528244
Tunisia,TUN,2015,4014.94773686432,85.7816009521484,99.9,8.29777960932586
Tunisia,TUN,2016,3847.80354448809,90.3264236450195,100,8.255257756555089
Turkiye,TUR,2015,11064.6494504662,107.243186950684,100,9.31151057104938
Turkiye,TUR,2016,10984.3643169061,108.547561645508,100,9.304228114860809
Turkiye,TUR,2017,10756.3877677883,112.977333068848,100,9.283255068039434
Turkiye,TUR,2018,9684.11819884721,112.115409851074,100,9.178242523564546
Turkiye,TUR,2019,9395.23378001368,111.910400390625,100,9.147957794988077
Turkiye,TUR,2020,8798.11791709313,112.527458190918,100,9.082293104534594
Turkiye,TUR,2021,9981.76398411336,114.147331237793,100,9.208515105601897
Turkiye,TUR,2022,10897.8397861365,116.040176391602,100,9.29631986381792
Turkiye,TUR,2023,13375.0947282864,118.411979675293,100,9.501149654227829
Tuvalu,TUV,2015,3352.66722400181,87.6274566650391,98.1,8.117511494300159
Tuvalu,TUV,2016,3779.15293916285,77.9319915771484,97.3,8.237255173333121
Tuvalu,TUV,2018,4467.21144027065,78.7418670654297,99,8.4045196540735585
Tuvalu,TUV,2019,5058.85266607659,80.2197799682617,99.7,8.528894990736122
Tuvalu,TUV,2020,5029.57159284173,77.0771513353116,99.4,8.523090089057382
Tuvalu,TUV,2021,6042.51983141155,88.8804841149773,99.7,8.706576394560097
Tuvalu,TUV,2022,5414.74642912412,92.0868890612878,100,8.596881330845413
Tuvalu,TUV,2023,5143.8397437226,93.2753164556962,100,8.545555111412446
Tuvalu,TUV,2024,5883.50257114002,90.6571654790182,100,8.679907538912476
Tanzania,TZA,2015,939.127319335938,26.090669631958,26.2,6.844951060363835
Tanzania,TZA,2016,953.0107421875,25.6429992626308,32.8,6.859626175560768
Tanzania,TZA,2017,986.674011230469,26.3711632016128,32.1,6.894339702436956
Tanzania,TZA,2018,1023.10626220703,28.5933897410534,34.9,6.930598633682338
Tanzania,TZA,2019,1063.32250976563,30.1824263288684,37.7,6.969153728155179
Tanzania,TZA,2020,1117.41528320313,30.9205938581875,39.9,7.018773514399859
Tanzania,TZA,2021,1159.85656738281,28.231330871582,42.7,7.056051627647344
Ukraine,UKR,2015,2094.47387695313,90.502896110392,100,7.647057668097867
Ukraine,UKR,2016,2158.46118164063,88.5457508688536,100,7.677150830882293
Ukraine,UKR,2017,2604.28759765625,86.788702271804,100,7.86491444179836
Ukraine,UKR,2018,3059.0517578125,85.8331876808318,100,8.025860263854936
Ukraine,UKR,2019,3619.86157226563,84.4568283620119,100,8.194191064383034
Ukraine,UKR,2020,3709.76928710938,84.4283338575221,100,8.218724966904833
Ukraine,UKR,2021,4775.94580078125,84.6516335033103,100,8.471347306762913
Ukraine,UKR,2023,5139.59814453125,87.0823822021484,100,8.544730173395028
Ukraine,UKR,2024,5391.62255859375,86.1695022583008,100,8.592601649881207
Upper middle income,UMC,2015,7083.47780015619,92.0643692016602,98.6185166326867,8.865520280792639
Upper middle income,UMC,2016,7068.00587843387,91.8215179443359,98.7756878322756,8.863333665136167
Upper middle income,UMC,2017,7676.40394987858,92.3078689575195,98.9531126307269,8.945906480792262
Upper middle income,UMC,2018,8149.60205746059,92.9716415405273,99.0283931905422,9.005724377737367
Upper middle income,UMC,2019,8244.30681174043,93.8404388427734,99.1308662220903,9.017278157686158
Upper middle income,UMC,2020,7949.25683610967,94.2850799560547,99.1389999180209,8.980833723544242
Upper middle income,UMC,2021,9409.61235165342,94.9367523193359,99.3872057592045,9.14948703636992
Upper middle income,UMC,2022,9796.27244734764,95.3135375976562,99.3537615814474,9.189757229786947
Upper middle income,UMC,2023,10118.6217728148,95.8254470825195,99.392898640485,9.222132745109931
Upper middle income,UMC,2024,10443.3480457159,96.4631271362305,99.3152839959032,9.253720504059379
Uruguay,URY,2015,17125.9016800298,108.043296813965,99.7,9.748347314592769
Uruguay,URY,2016,17009.7584207276,112.032577514648,99.7,9.74154248309785
Uruguay,URY,2017,19184.6626114272,116.472846984863,99.8,9.861866416465807
Uruguay,URY,2018,19249.9404677501,117.769058227539,99.8,9.865263247126737
Uruguay,URY,2019,18315.7350377437,119.848533190039,99.9,9.815515807508543
Uruguay,URY,2020,15757.5341990356,116.991828918457,100,9.665073891718757
Uruguay,URY,2021,17881.8119616753,119.826342137062,100,9.79153938373138
Uruguay,URY,2022,21009.2883798725,121.137930191204,100,9.952719922721519
Uruguay,URY,2023,23378.6399733516,119.105005958635,100,10.05957806281876
United States,USA,2015,56849.4697923159,97.6525497436523,100,10.948162172702753
United States,USA,2016,57976.628204291,98.7699279785156,100,10.967795246322572
United States,USA,2017,60047.7190728307,98.9523391723633,100,11.002894842987072
United States,USA,2018,62875.6661382728,99.2755813598633,100,11.048914501990415
United States,USA,2019,65227.9565911038,100.063430786133,100,11.085643438086125
United States,USA,2020,64465.2971415748,100.509819030762,100,11.073882329181632
United States,USA,2021,71441.2319805947,101.192489624023,100,11.176630460370818
United States,USA,2022,78008.6895811877,97.4734878540039,100,11.264575504353687
Uzbekistan,UZB,2015,3172.89899391083,92.2428124917835,99.9,8.062400958082765
Uzbekistan,UZB,2016,3128.42307170099,92.8148657883702,99.9,8.048284345620665
Uzbekistan,UZB,2017,2271.4730109511,93.8775736591193,100,7.728183803531293
Uzbekistan,UZB,2018,1894.09088741408,94.9465096520158,100,7.546494259613733
Uzbekistan,UZB,2019,2128.66067138334,96.2074737548828,100,7.663248268152607
Uzbekistan,UZB,2020,2087.96374711792,90.0642970154019,100,7.643944586360382
Uzbekistan,UZB,2021,2370.36480555669,97.2589036917117,99.9,7.770799148678953
Uzbekistan,UZB,2022,2698.60262953369,97.3779819618405,100,7.900489373402827
Uzbekistan,UZB,2023,3015.97705069457,97.3839945834102,100,8.011679119912746
Uzbekistan,UZB,2024,3337.45492058664,96.8399222342106,100,8.112963795676952
St. Vincent and the Grenadines,VCT,2015,7353.73556054184,114.022842407227,99.4,8.902963702626419
St. Vincent and the Grenadines,VCT,2019,8740.59425232061,127.1875,100,9.075733458594575
St. Vincent and the Grenadines,VCT,2020,8351.20324040982,127.844391153744,100,9.030160908111283
St. Vincent and the Grenadines,VCT,2021,8641.27904024443,130.489101541733,100,9.064305887907024
St. Vincent and the Grenadines,VCT,2022,9693.55867833025,128.182294394971,100,9.179216890129718
St. Vincent and the Grenadines,VCT,2023,10582.3656725229,125.381038491346,100,9.266944278955
St. Vincent and the Grenadines,VCT,2024,11501.2265187188,124.871794871795,100,9.350208962465864
"Venezuela, RB",VEN,2015,4096.61989137473,88.8302230834961,100,8.31791749593616
"Venezuela, RB",VEN,2016,3671.23004093383,85.1329498291016,99.4,8.208282045912101
"Venezuela, RB",VEN,2017,3791.63262049576,83.9518280029297,99.2,8.240551975900818
"Venezuela, RB",VEN,2022,3155.04190923584,96.7906723022461,100,8.056757058321587
"Venezuela, RB",VEN,2023,3617.47038396528,97.229606628418,100,8.193530271593144
"Venezuela, RB",VEN,2024,4244.45723136019,97.7908172607422,100,8.353369229878037
Viet Nam,VNM,2015,2577.56885340113,89.4548341262217,99.3,7.854601928784033
Viet Nam,VNM,2016,2735.0604380416,90.1583347107672,99.2,7.913908812616166
Viet Nam,VNM,2017,2956.10992127753,91.0725198149335,100,7.991629467194556
Viet Nam,VNM,2018,3222.31003125366,92.8377710790826,100,8.07785378233981
Viet Nam,VNM,2019,3440.90025375434,94.654621676317,99.4,8.143488417802308
Viet Nam,VNM,2020,3534.03953482647,93.1921389514105,99.8,8.170196839808145
Viet Nam,VNM,2021,3704.1935590038,92.7690209240401,100,8.21722085115122
Viet Nam,VNM,2022,4147.69777213621,93.4123434096522,100,8.330308705589859
Vanuatu,VUT,2015,3214.41948587141,57.2510185241699,52.3,8.075402056097861
Vanuatu,VUT,2020,3404.30359167624,59.1688003540039,67.3,8.132795672460265
Vanuatu,VUT,2021,3576.13770954363,62.9433097839355,70,8.182038644932147
Vanuatu,VUT,2022,3679.53524327491,81.9551276325385,70,8.210541730599056
Vanuatu,VUT,2023,3708.18942411253,134.670675170038,61.6,8.21829901063243
World,WLD,2015,10191.9752512662,74.9668884277344,86.9273667608945,9.229355949558034
World,WLD,2016,10239.4656645738,75.1899871826172,88.1080967238499,9.234004716038047
World,WLD,2017,10784.3950896297,74.9489288330078,88.9357124003312,9.28585546913062
World,WLD,2018,11344.728168656,75.54248046875,89.8011777019155,9.336508436473471
World,WLD,2019,11417.5958587724,75.9502716064453,90.1089635853778,9.342910940799902
World,WLD,2020,10999.4917581781,76.5068206787109,90.3995467820191,9.305604346911089
World,WLD,2021,12472.9074157191,77.296272277832,91.3385144099012,9.431314164322492
World,WLD,2022,12876.2377124072,77.5006103515625,91.2817736699915,9.463138853913957
World,WLD,2023,13313.8575826001,77.2362213134766,91.6034762480239,9.496560695288062
World,WLD,2024,13717.0909956338,77.2785720825195,91.9264843853681,9.526397852241764
Samoa,WSM,2015,4084.36083819933,87.5602107303153,98.2,8.314920529495012
Samoa,WSM,2016,4147.07097674888,87.3532286947715,98.9,8.33015757530341
"Yemen, Rep.",YEM,2016,975.359417003225,43.6906890869141,68.9,6.882806035893282
South Africa,ZAF,2015,6112.27382485974,104.622812990742,85.3,8.718054131030598
South Africa,ZAF,2016,5651.20585165749,103.855987548828,83.9,8.639624226440718
South Africa,ZAF,2017,6618.33508255701,105.623168945312,84.4,8.797599119196931
South Africa,ZAF,2018,6914.1780318076,101.399612936693,84.7,8.84132936961601
South Africa,ZAF,2019,6533.71121032856,103.78912033531,85,8.784730393193524
South Africa,ZAF,2020,5580.60383075189,103.501178102472,90,8.627052262917106
South Africa,ZAF,2021,6828.75624590017,106.443303990911,89.3,8.828897834357164
South Africa,ZAF,2022,6534.24867783397,104.535066506498,86.5,8.784812650486982
South Africa,ZAF,2023,6034.27208964673,104.133480684239,87.7,8.705210511451236
Zambia,ZMB,2024,1187.10943350064,56.7889289855957,53.6,7.079276583705228
